2025-10-30 04:25:42,850 [scrapy.utils.log] INFO: Scrapy 2.11.2 started (bot: scrapybot)
2025-10-30 04:25:42,858 [scrapy.utils.log] INFO: Versions: lxml 6.0.2.0, libxml2 2.14.6, cssselect 1.2.0, parsel 1.9.1, w3lib 2.2.1, Twisted 25.5.0, Python 3.8.10 (default, Mar 18 2025, 20:04:55) - [GCC 9.4.0], pyOpenSSL 25.3.0 (OpenSSL 3.5.4 30 Sep 2025), cryptography 46.0.3, Platform Linux-5.15.0-139-generic-x86_64-with-glibc2.29
2025-10-30 04:25:42,859 [scrapy.addons] INFO: Enabled addons:
[]
2025-10-30 04:25:42,860 [py.warnings] WARNING: /home/hadoop/.local/lib/python3.8/site-packages/scrapy/utils/request.py:254: ScrapyDeprecationWarning: '2.6' is a deprecated value for the 'REQUEST_FINGERPRINTER_IMPLEMENTATION' setting.

It is also the default value. In other words, it is normal to get this warning if you have not defined a value for the 'REQUEST_FINGERPRINTER_IMPLEMENTATION' setting. This is so for backward compatibility reasons, but it will change in a future version of Scrapy.

See the documentation of the 'REQUEST_FINGERPRINTER_IMPLEMENTATION' setting for information on how to handle this deprecation.
  return cls(crawler)

2025-10-30 04:25:42,863 [scrapy.utils.log] DEBUG: Using reactor: twisted.internet.epollreactor.EPollReactor
2025-10-30 04:25:42,876 [scrapy.extensions.telnet] INFO: Telnet Password: c0f23dc5b5e6b2b1
2025-10-30 04:25:42,917 [scrapy.middleware] INFO: Enabled extensions:
['scrapy.extensions.corestats.CoreStats',
 'scrapy.extensions.telnet.TelnetConsole',
 'scrapy.extensions.memusage.MemoryUsage',
 'scrapy.extensions.logstats.LogStats']
2025-10-30 04:25:42,918 [scrapy.crawler] INFO: Overridden settings:
{'CONCURRENT_REQUESTS_PER_DOMAIN': 1,
 'DOWNLOAD_DELAY': 2,
 'LOG_LEVEL': 'INFO',
 'USER_AGENT': 'Mozilla/5.0 (Windows NT 10.0; Win64; x64) AppleWebKit/537.36 '
               '(KHTML, like Gecko) Chrome/91.0.4472.124 Safari/537.36'}
2025-10-30 04:25:42,954 [scrapy.middleware] INFO: Enabled downloader middlewares:
['scrapy.downloadermiddlewares.offsite.OffsiteMiddleware',
 'scrapy.downloadermiddlewares.httpauth.HttpAuthMiddleware',
 'scrapy.downloadermiddlewares.downloadtimeout.DownloadTimeoutMiddleware',
 'scrapy.downloadermiddlewares.defaultheaders.DefaultHeadersMiddleware',
 'scrapy.downloadermiddlewares.useragent.UserAgentMiddleware',
 'scrapy.downloadermiddlewares.retry.RetryMiddleware',
 'scrapy.downloadermiddlewares.redirect.MetaRefreshMiddleware',
 'scrapy.downloadermiddlewares.httpcompression.HttpCompressionMiddleware',
 'scrapy.downloadermiddlewares.redirect.RedirectMiddleware',
 'scrapy.downloadermiddlewares.cookies.CookiesMiddleware',
 'scrapy.downloadermiddlewares.httpproxy.HttpProxyMiddleware',
 'scrapy.downloadermiddlewares.stats.DownloaderStats']
2025-10-30 04:25:42,957 [scrapy.middleware] INFO: Enabled spider middlewares:
['scrapy.spidermiddlewares.httperror.HttpErrorMiddleware',
 'scrapy.spidermiddlewares.referer.RefererMiddleware',
 'scrapy.spidermiddlewares.urllength.UrlLengthMiddleware',
 'scrapy.spidermiddlewares.depth.DepthMiddleware']
2025-10-30 04:25:42,957 [scrapy.middleware] INFO: Enabled item pipelines:
[]
2025-10-30 04:25:42,957 [scrapy.core.engine] INFO: Spider opened
2025-10-30 04:25:42,961 [scrapy.extensions.logstats] INFO: Crawled 0 pages (at 0 pages/min), scraped 0 items (at 0 items/min)
2025-10-30 04:25:42,962 [scrapy.extensions.telnet] INFO: Telnet console listening on 127.0.0.1:6023
2025-10-30 04:25:43,167 [urllib3.connectionpool] DEBUG: Starting new HTTPS connection (1): publicsuffix.org:443
2025-10-30 04:25:43,366 [urllib3.connectionpool] DEBUG: https://publicsuffix.org:443 "GET /list/public_suffix_list.dat HTTP/1.1" 200 88345
2025-10-30 04:25:43,513 [scrapy.core.engine] DEBUG: Crawled (200) <GET https://movie.douban.com/top250> (referer: https://movie.douban.com/)
2025-10-30 04:25:43,621 [movie_spider] INFO: 爬取电影: 肖申克的救赎
2025-10-30 04:25:43,621 [movie_spider] INFO: 爬取电影: 霸王别姬
2025-10-30 04:25:43,622 [movie_spider] INFO: 爬取电影: 泰坦尼克号
2025-10-30 04:25:43,623 [movie_spider] INFO: 爬取电影: 阿甘正传
2025-10-30 04:25:43,623 [movie_spider] INFO: 爬取电影: 千与千寻
2025-10-30 04:25:43,624 [movie_spider] INFO: 爬取电影: 美丽人生
2025-10-30 04:25:43,624 [movie_spider] INFO: 爬取电影: 星际穿越
2025-10-30 04:25:43,624 [movie_spider] INFO: 爬取电影: 这个杀手不太冷
2025-10-30 04:25:43,625 [movie_spider] INFO: 爬取电影: 盗梦空间
2025-10-30 04:25:43,625 [movie_spider] INFO: 爬取电影: 楚门的世界
2025-10-30 04:25:43,625 [movie_spider] INFO: 爬取电影: 辛德勒的名单
2025-10-30 04:25:43,626 [movie_spider] INFO: 爬取电影: 忠犬八公的故事
2025-10-30 04:25:43,626 [movie_spider] INFO: 爬取电影: 海上钢琴师
2025-10-30 04:25:43,626 [movie_spider] INFO: 爬取电影: 疯狂动物城
2025-10-30 04:25:43,626 [movie_spider] INFO: 爬取电影: 三傻大闹宝莱坞
2025-10-30 04:25:43,627 [movie_spider] INFO: 爬取电影: 机器人总动员
2025-10-30 04:25:43,627 [movie_spider] INFO: 爬取电影: 放牛班的春天
2025-10-30 04:25:43,627 [movie_spider] INFO: 爬取电影: 无间道
2025-10-30 04:25:43,627 [movie_spider] INFO: 爬取电影: 控方证人
2025-10-30 04:25:43,628 [movie_spider] INFO: 爬取电影: 大话西游之大圣娶亲
2025-10-30 04:25:43,628 [movie_spider] INFO: 爬取电影: 熔炉
2025-10-30 04:25:43,629 [movie_spider] INFO: 爬取电影: 触不可及
2025-10-30 04:25:43,629 [movie_spider] INFO: 爬取电影: 寻梦环游记
2025-10-30 04:25:43,629 [movie_spider] INFO: 爬取电影: 教父
2025-10-30 04:25:43,629 [movie_spider] INFO: 爬取电影: 当幸福来敲门
2025-10-30 04:25:43,630 [hdfs.client] INFO: Instantiated <InsecureClient(url='http://localhost:9000')>.
2025-10-30 04:25:43,630 [hdfs.client] INFO: Creating directories to '/movie_data'.
2025-10-30 04:25:43,630 [hdfs.client] DEBUG: Resolved path '/movie_data' to '/movie_data'.
2025-10-30 04:25:43,631 [urllib3.connectionpool] DEBUG: Starting new HTTP connection (1): localhost:9000
2025-10-30 04:25:43,681 [hdfs.client] INFO: Writing to '/movie_data/douban_movies_20251030_042543.json'.
2025-10-30 04:25:43,681 [hdfs.client] DEBUG: Resolved path '/movie_data/douban_movies_20251030_042543.json' to '/movie_data/douban_movies_20251030_042543.json'.
2025-10-30 04:25:43,681 [urllib3.connectionpool] DEBUG: Starting new HTTP connection (2): localhost:9000
2025-10-30 04:25:43,682 [movie_spider] ERROR: 保存到HDFS失败: ('Connection aborted.', BadStatusLine('\x00\x00\x00|{\x08ÿÿÿÿ\x0f\x10\x02\x18\t")org.apache.hadoop.ipc.RPC$VersionMismatch*>Server IPC version 9 cannot communicate with client version 470\x0e:\x00@\x01'))
2025-10-30 04:25:43,683 [movie_spider] INFO: 转到下一页: https://movie.douban.com/top250?start=25&filter=
2025-10-30 04:25:44,950 [scrapy.core.engine] DEBUG: Crawled (200) <GET https://movie.douban.com/top250?start=25&filter=> (referer: https://movie.douban.com/top250)
2025-10-30 04:25:45,053 [movie_spider] INFO: 爬取电影: 末代皇帝
2025-10-30 04:25:45,054 [movie_spider] INFO: 爬取电影: 哈利·波特与魔法石
2025-10-30 04:25:45,054 [movie_spider] INFO: 爬取电影: 龙猫
2025-10-30 04:25:45,054 [movie_spider] INFO: 爬取电影: 活着
2025-10-30 04:25:45,054 [movie_spider] INFO: 爬取电影: 怦然心动
2025-10-30 04:25:45,055 [movie_spider] INFO: 爬取电影: 蝙蝠侠：黑暗骑士
2025-10-30 04:25:45,055 [movie_spider] INFO: 爬取电影: 指环王3：王者无敌
2025-10-30 04:25:45,055 [movie_spider] INFO: 爬取电影: 我不是药神
2025-10-30 04:25:45,055 [movie_spider] INFO: 爬取电影: 乱世佳人
2025-10-30 04:25:45,056 [movie_spider] INFO: 爬取电影: 飞屋环游记
2025-10-30 04:25:45,056 [movie_spider] INFO: 爬取电影: 让子弹飞
2025-10-30 04:25:45,056 [movie_spider] INFO: 爬取电影: 哈尔的移动城堡
2025-10-30 04:25:45,056 [movie_spider] INFO: 爬取电影: 十二怒汉
2025-10-30 04:25:45,057 [movie_spider] INFO: 爬取电影: 素媛
2025-10-30 04:25:45,057 [movie_spider] INFO: 爬取电影: 海蒂和爷爷
2025-10-30 04:25:45,057 [movie_spider] INFO: 爬取电影: 猫鼠游戏
2025-10-30 04:25:45,058 [movie_spider] INFO: 爬取电影: 天空之城
2025-10-30 04:25:45,058 [movie_spider] INFO: 爬取电影: 鬼子来了
2025-10-30 04:25:45,058 [movie_spider] INFO: 爬取电影: 摔跤吧！爸爸
2025-10-30 04:25:45,059 [movie_spider] INFO: 爬取电影: 少年派的奇幻漂流
2025-10-30 04:25:45,059 [movie_spider] INFO: 爬取电影: 钢琴家
2025-10-30 04:25:45,059 [movie_spider] INFO: 爬取电影: 指环王2：双塔奇兵
2025-10-30 04:25:45,059 [movie_spider] INFO: 爬取电影: 死亡诗社
2025-10-30 04:25:45,060 [movie_spider] INFO: 爬取电影: 大话西游之月光宝盒
2025-10-30 04:25:45,060 [movie_spider] INFO: 爬取电影: 何以为家
2025-10-30 04:25:45,060 [hdfs.client] INFO: Instantiated <InsecureClient(url='http://localhost:9000')>.
2025-10-30 04:25:45,061 [hdfs.client] INFO: Creating directories to '/movie_data'.
2025-10-30 04:25:45,061 [hdfs.client] DEBUG: Resolved path '/movie_data' to '/movie_data'.
2025-10-30 04:25:45,061 [urllib3.connectionpool] DEBUG: Starting new HTTP connection (1): localhost:9000
2025-10-30 04:25:45,062 [hdfs.client] INFO: Writing to '/movie_data/douban_movies_20251030_042545.json'.
2025-10-30 04:25:45,063 [hdfs.client] DEBUG: Resolved path '/movie_data/douban_movies_20251030_042545.json' to '/movie_data/douban_movies_20251030_042545.json'.
2025-10-30 04:25:45,064 [urllib3.connectionpool] DEBUG: Starting new HTTP connection (2): localhost:9000
2025-10-30 04:25:45,064 [movie_spider] ERROR: 保存到HDFS失败: ('Connection aborted.', BadStatusLine('\x00\x00\x00|{\x08ÿÿÿÿ\x0f\x10\x02\x18\t")org.apache.hadoop.ipc.RPC$VersionMismatch*>Server IPC version 9 cannot communicate with client version 470\x0e:\x00@\x01'))
2025-10-30 04:25:45,065 [movie_spider] INFO: 转到下一页: https://movie.douban.com/top250?start=50&filter=
2025-10-30 04:25:48,125 [scrapy.core.engine] DEBUG: Crawled (200) <GET https://movie.douban.com/top250?start=50&filter=> (referer: https://movie.douban.com/top250?start=25&filter=)
2025-10-30 04:25:48,230 [movie_spider] INFO: 爬取电影: 闻香识女人
2025-10-30 04:25:48,231 [movie_spider] INFO: 爬取电影: 绿皮书
2025-10-30 04:25:48,231 [movie_spider] INFO: 爬取电影: 大闹天宫
2025-10-30 04:25:48,232 [movie_spider] INFO: 爬取电影: 黑客帝国
2025-10-30 04:25:48,232 [movie_spider] INFO: 爬取电影: 指环王1：护戒使者
2025-10-30 04:25:48,232 [movie_spider] INFO: 爬取电影: 罗马假日
2025-10-30 04:25:48,233 [movie_spider] INFO: 爬取电影: 教父2
2025-10-30 04:25:48,233 [movie_spider] INFO: 爬取电影: 狮子王
2025-10-30 04:25:48,233 [movie_spider] INFO: 爬取电影: 天堂电影院
2025-10-30 04:25:48,233 [movie_spider] INFO: 爬取电影: 饮食男女
2025-10-30 04:25:48,234 [movie_spider] INFO: 爬取电影: 辩护人
2025-10-30 04:25:48,234 [movie_spider] INFO: 爬取电影: 本杰明·巴顿奇事
2025-10-30 04:25:48,234 [movie_spider] INFO: 爬取电影: 搏击俱乐部
2025-10-30 04:25:48,234 [movie_spider] INFO: 爬取电影: 美丽心灵
2025-10-30 04:25:48,235 [movie_spider] INFO: 爬取电影: 穿条纹睡衣的男孩
2025-10-30 04:25:48,235 [movie_spider] INFO: 爬取电影: 情书
2025-10-30 04:25:48,235 [movie_spider] INFO: 爬取电影: 哈利·波特与死亡圣器(下)
2025-10-30 04:25:48,236 [movie_spider] INFO: 爬取电影: 两杆大烟枪
2025-10-30 04:25:48,236 [movie_spider] INFO: 爬取电影: 窃听风暴
2025-10-30 04:25:48,237 [movie_spider] INFO: 爬取电影: 音乐之声
2025-10-30 04:25:48,237 [movie_spider] INFO: 爬取电影: 功夫
2025-10-30 04:25:48,238 [movie_spider] INFO: 爬取电影: 西西里的美丽传说
2025-10-30 04:25:48,238 [movie_spider] INFO: 爬取电影: 哈利·波特与阿兹卡班的囚徒
2025-10-30 04:25:48,238 [movie_spider] INFO: 爬取电影: 阿凡达
2025-10-30 04:25:48,239 [movie_spider] INFO: 爬取电影: 看不见的客人
2025-10-30 04:25:48,239 [hdfs.client] INFO: Instantiated <InsecureClient(url='http://localhost:9000')>.
2025-10-30 04:25:48,239 [hdfs.client] INFO: Creating directories to '/movie_data'.
2025-10-30 04:25:48,239 [hdfs.client] DEBUG: Resolved path '/movie_data' to '/movie_data'.
2025-10-30 04:25:48,240 [urllib3.connectionpool] DEBUG: Starting new HTTP connection (1): localhost:9000
2025-10-30 04:25:48,241 [hdfs.client] INFO: Writing to '/movie_data/douban_movies_20251030_042548.json'.
2025-10-30 04:25:48,241 [hdfs.client] DEBUG: Resolved path '/movie_data/douban_movies_20251030_042548.json' to '/movie_data/douban_movies_20251030_042548.json'.
2025-10-30 04:25:48,242 [urllib3.connectionpool] DEBUG: Starting new HTTP connection (2): localhost:9000
2025-10-30 04:25:48,243 [movie_spider] ERROR: 保存到HDFS失败: ('Connection aborted.', BadStatusLine('\x00\x00\x00|{\x08ÿÿÿÿ\x0f\x10\x02\x18\t")org.apache.hadoop.ipc.RPC$VersionMismatch*>Server IPC version 9 cannot communicate with client version 470\x0e:\x00@\x01'))
2025-10-30 04:25:48,244 [movie_spider] INFO: 转到下一页: https://movie.douban.com/top250?start=75&filter=
2025-10-30 04:25:51,258 [scrapy.core.engine] DEBUG: Crawled (200) <GET https://movie.douban.com/top250?start=75&filter=> (referer: https://movie.douban.com/top250?start=50&filter=)
2025-10-30 04:25:51,361 [movie_spider] INFO: 爬取电影: 拯救大兵瑞恩
2025-10-30 04:25:51,361 [movie_spider] INFO: 爬取电影: 沉默的羔羊
2025-10-30 04:25:51,362 [movie_spider] INFO: 爬取电影: 小鞋子
2025-10-30 04:25:51,362 [movie_spider] INFO: 爬取电影: 飞越疯人院
2025-10-30 04:25:51,362 [movie_spider] INFO: 爬取电影: 布达佩斯大饭店
2025-10-30 04:25:51,362 [movie_spider] INFO: 爬取电影: 蝴蝶效应
2025-10-30 04:25:51,363 [movie_spider] INFO: 爬取电影: 禁闭岛
2025-10-30 04:25:51,363 [movie_spider] INFO: 爬取电影: 心灵捕手
2025-10-30 04:25:51,363 [movie_spider] INFO: 爬取电影: 致命魔术
2025-10-30 04:25:51,363 [movie_spider] INFO: 爬取电影: 低俗小说
2025-10-30 04:25:51,364 [movie_spider] INFO: 爬取电影: 超脱
2025-10-30 04:25:51,364 [movie_spider] INFO: 爬取电影: 哈利·波特与密室
2025-10-30 04:25:51,365 [movie_spider] INFO: 爬取电影: 还有明天
2025-10-30 04:25:51,365 [movie_spider] INFO: 爬取电影: 喜剧之王
2025-10-30 04:25:51,365 [movie_spider] INFO: 爬取电影: 摩登时代
2025-10-30 04:25:51,366 [movie_spider] INFO: 爬取电影: 一一
2025-10-30 04:25:51,366 [movie_spider] INFO: 爬取电影: 杀人回忆
2025-10-30 04:25:51,366 [movie_spider] INFO: 爬取电影: 致命ID
2025-10-30 04:25:51,367 [movie_spider] INFO: 爬取电影: 春光乍泄
2025-10-30 04:25:51,367 [movie_spider] INFO: 爬取电影: 海豚湾
2025-10-30 04:25:51,367 [movie_spider] INFO: 爬取电影: 加勒比海盗
2025-10-30 04:25:51,367 [movie_spider] INFO: 爬取电影: 美国往事
2025-10-30 04:25:51,368 [movie_spider] INFO: 爬取电影: 红辣椒
2025-10-30 04:25:51,368 [movie_spider] INFO: 爬取电影: 七宗罪
2025-10-30 04:25:51,368 [movie_spider] INFO: 爬取电影: 唐伯虎点秋香
2025-10-30 04:25:51,369 [hdfs.client] INFO: Instantiated <InsecureClient(url='http://localhost:9000')>.
2025-10-30 04:25:51,369 [hdfs.client] INFO: Creating directories to '/movie_data'.
2025-10-30 04:25:51,369 [hdfs.client] DEBUG: Resolved path '/movie_data' to '/movie_data'.
2025-10-30 04:25:51,369 [urllib3.connectionpool] DEBUG: Starting new HTTP connection (1): localhost:9000
2025-10-30 04:25:51,373 [hdfs.client] INFO: Writing to '/movie_data/douban_movies_20251030_042551.json'.
2025-10-30 04:25:51,373 [hdfs.client] DEBUG: Resolved path '/movie_data/douban_movies_20251030_042551.json' to '/movie_data/douban_movies_20251030_042551.json'.
2025-10-30 04:25:51,374 [urllib3.connectionpool] DEBUG: Starting new HTTP connection (2): localhost:9000
2025-10-30 04:25:51,374 [movie_spider] ERROR: 保存到HDFS失败: ('Connection aborted.', BadStatusLine('\x00\x00\x00|{\x08ÿÿÿÿ\x0f\x10\x02\x18\t")org.apache.hadoop.ipc.RPC$VersionMismatch*>Server IPC version 9 cannot communicate with client version 470\x0e:\x00@\x01'))
2025-10-30 04:25:51,375 [movie_spider] INFO: 转到下一页: https://movie.douban.com/top250?start=100&filter=
2025-10-30 04:25:53,242 [scrapy.core.engine] DEBUG: Crawled (200) <GET https://movie.douban.com/top250?start=100&filter=> (referer: https://movie.douban.com/top250?start=75&filter=)
2025-10-30 04:25:53,346 [movie_spider] INFO: 爬取电影: 狩猎
2025-10-30 04:25:53,347 [movie_spider] INFO: 爬取电影: 幽灵公主
2025-10-30 04:25:53,347 [movie_spider] INFO: 爬取电影: 甜蜜蜜
2025-10-30 04:25:53,348 [movie_spider] INFO: 爬取电影: 蝙蝠侠：黑暗骑士崛起
2025-10-30 04:25:53,348 [movie_spider] INFO: 爬取电影: 寄生虫
2025-10-30 04:25:53,348 [movie_spider] INFO: 爬取电影: 天书奇谭
2025-10-30 04:25:53,349 [movie_spider] INFO: 爬取电影: 7号房的礼物
2025-10-30 04:25:53,349 [movie_spider] INFO: 爬取电影: 超能陆战队
2025-10-30 04:25:53,349 [movie_spider] INFO: 爬取电影: 爱在黎明破晓前
2025-10-30 04:25:53,349 [movie_spider] INFO: 爬取电影: 第六感
2025-10-30 04:25:53,350 [movie_spider] INFO: 爬取电影: 爱在日落黄昏时
2025-10-30 04:25:53,350 [movie_spider] INFO: 爬取电影: 被嫌弃的松子的一生
2025-10-30 04:25:53,350 [movie_spider] INFO: 爬取电影: 重庆森林
2025-10-30 04:25:53,350 [movie_spider] INFO: 爬取电影: 茶馆
2025-10-30 04:25:53,351 [movie_spider] INFO: 爬取电影: 未麻的部屋
2025-10-30 04:25:53,351 [movie_spider] INFO: 爬取电影: 哈利·波特与火焰杯
2025-10-30 04:25:53,351 [movie_spider] INFO: 爬取电影: 入殓师
2025-10-30 04:25:53,351 [movie_spider] INFO: 爬取电影: 借东西的小人阿莉埃蒂
2025-10-30 04:25:53,352 [movie_spider] INFO: 爬取电影: 头脑特工队
2025-10-30 04:25:53,352 [movie_spider] INFO: 爬取电影: 菊次郎的夏天
2025-10-30 04:25:53,352 [movie_spider] INFO: 爬取电影: 剪刀手爱德华
2025-10-30 04:25:53,352 [movie_spider] INFO: 爬取电影: 断背山
2025-10-30 04:25:53,353 [movie_spider] INFO: 爬取电影: 勇敢的心
2025-10-30 04:25:53,353 [movie_spider] INFO: 爬取电影: 时空恋旅人
2025-10-30 04:25:53,354 [movie_spider] INFO: 爬取电影: 消失的爱人
2025-10-30 04:25:53,354 [hdfs.client] INFO: Instantiated <InsecureClient(url='http://localhost:9000')>.
2025-10-30 04:25:53,354 [hdfs.client] INFO: Creating directories to '/movie_data'.
2025-10-30 04:25:53,354 [hdfs.client] DEBUG: Resolved path '/movie_data' to '/movie_data'.
2025-10-30 04:25:53,355 [urllib3.connectionpool] DEBUG: Starting new HTTP connection (1): localhost:9000
2025-10-30 04:25:53,358 [hdfs.client] INFO: Writing to '/movie_data/douban_movies_20251030_042553.json'.
2025-10-30 04:25:53,358 [hdfs.client] DEBUG: Resolved path '/movie_data/douban_movies_20251030_042553.json' to '/movie_data/douban_movies_20251030_042553.json'.
2025-10-30 04:25:53,359 [urllib3.connectionpool] DEBUG: Starting new HTTP connection (2): localhost:9000
2025-10-30 04:25:53,359 [movie_spider] ERROR: 保存到HDFS失败: ('Connection aborted.', BadStatusLine('\x00\x00\x00|{\x08ÿÿÿÿ\x0f\x10\x02\x18\t")org.apache.hadoop.ipc.RPC$VersionMismatch*>Server IPC version 9 cannot communicate with client version 470\x0e:\x00@\x01'))
2025-10-30 04:25:53,360 [movie_spider] INFO: 转到下一页: https://movie.douban.com/top250?start=125&filter=
2025-10-30 04:25:55,800 [scrapy.core.engine] DEBUG: Crawled (200) <GET https://movie.douban.com/top250?start=125&filter=> (referer: https://movie.douban.com/top250?start=100&filter=)
2025-10-30 04:25:55,904 [movie_spider] INFO: 爬取电影: 无人知晓
2025-10-30 04:25:55,904 [movie_spider] INFO: 爬取电影: 倩女幽魂
2025-10-30 04:25:55,904 [movie_spider] INFO: 爬取电影: 驯龙高手
2025-10-30 04:25:55,905 [movie_spider] INFO: 爬取电影: 花样年华
2025-10-30 04:25:55,905 [movie_spider] INFO: 爬取电影: 傲慢与偏见
2025-10-30 04:25:55,905 [movie_spider] INFO: 爬取电影: 完美的世界
2025-10-30 04:25:55,905 [movie_spider] INFO: 爬取电影: 新世界
2025-10-30 04:25:55,906 [movie_spider] INFO: 爬取电影: 阳光灿烂的日子
2025-10-30 04:25:55,906 [movie_spider] INFO: 爬取电影: 小森林 夏秋篇
2025-10-30 04:25:55,906 [movie_spider] INFO: 爬取电影: 一个叫欧维的男人决定去死
2025-10-30 04:25:55,906 [movie_spider] INFO: 爬取电影: 天使爱美丽
2025-10-30 04:25:55,907 [movie_spider] INFO: 爬取电影: 玩具总动员3
2025-10-30 04:25:55,907 [movie_spider] INFO: 爬取电影: 怪兽电力公司
2025-10-30 04:25:55,907 [movie_spider] INFO: 爬取电影: 色，戒
2025-10-30 04:25:55,908 [movie_spider] INFO: 爬取电影: 侧耳倾听
2025-10-30 04:25:55,908 [movie_spider] INFO: 爬取电影: 教父3
2025-10-30 04:25:55,908 [movie_spider] INFO: 爬取电影: 请以你的名字呼唤我
2025-10-30 04:25:55,908 [movie_spider] INFO: 爬取电影: 哪吒闹海
2025-10-30 04:25:55,909 [movie_spider] INFO: 爬取电影: 幸福终点站
2025-10-30 04:25:55,909 [movie_spider] INFO: 爬取电影: 九品芝麻官
2025-10-30 04:25:55,910 [movie_spider] INFO: 爬取电影: 被解救的姜戈
2025-10-30 04:25:55,910 [movie_spider] INFO: 爬取电影: 釜山行
2025-10-30 04:25:55,910 [movie_spider] INFO: 爬取电影: 小森林 冬春篇
2025-10-30 04:25:55,910 [movie_spider] INFO: 爬取电影: 神偷奶爸
2025-10-30 04:25:55,911 [movie_spider] INFO: 爬取电影: 萤火之森
2025-10-30 04:25:55,911 [hdfs.client] INFO: Instantiated <InsecureClient(url='http://localhost:9000')>.
2025-10-30 04:25:55,911 [hdfs.client] INFO: Creating directories to '/movie_data'.
2025-10-30 04:25:55,911 [hdfs.client] DEBUG: Resolved path '/movie_data' to '/movie_data'.
2025-10-30 04:25:55,912 [urllib3.connectionpool] DEBUG: Starting new HTTP connection (1): localhost:9000
2025-10-30 04:25:55,914 [hdfs.client] INFO: Writing to '/movie_data/douban_movies_20251030_042555.json'.
2025-10-30 04:25:55,915 [hdfs.client] DEBUG: Resolved path '/movie_data/douban_movies_20251030_042555.json' to '/movie_data/douban_movies_20251030_042555.json'.
2025-10-30 04:25:55,915 [urllib3.connectionpool] DEBUG: Starting new HTTP connection (2): localhost:9000
2025-10-30 04:25:55,918 [movie_spider] ERROR: 保存到HDFS失败: ('Connection aborted.', BadStatusLine('\x00\x00\x00|{\x08ÿÿÿÿ\x0f\x10\x02\x18\t")org.apache.hadoop.ipc.RPC$VersionMismatch*>Server IPC version 9 cannot communicate with client version 470\x0e:\x00@\x01'))
2025-10-30 04:25:55,918 [movie_spider] INFO: 转到下一页: https://movie.douban.com/top250?start=150&filter=
2025-10-30 04:25:58,807 [scrapy.core.engine] DEBUG: Crawled (200) <GET https://movie.douban.com/top250?start=150&filter=> (referer: https://movie.douban.com/top250?start=125&filter=)
2025-10-30 04:25:58,937 [movie_spider] INFO: 爬取电影: 喜宴
2025-10-30 04:25:58,938 [movie_spider] INFO: 爬取电影: 告白
2025-10-30 04:25:58,939 [movie_spider] INFO: 爬取电影: 玛丽和麦克斯
2025-10-30 04:25:58,940 [movie_spider] INFO: 爬取电影: 七武士
2025-10-30 04:25:58,941 [movie_spider] INFO: 爬取电影: 头号玩家
2025-10-30 04:25:58,941 [movie_spider] INFO: 爬取电影: 模仿游戏
2025-10-30 04:25:58,942 [movie_spider] INFO: 爬取电影: 大鱼
2025-10-30 04:25:58,942 [movie_spider] INFO: 爬取电影: 惊魂记
2025-10-30 04:25:58,943 [movie_spider] INFO: 爬取电影: 射雕英雄传之东成西就
2025-10-30 04:25:58,943 [movie_spider] INFO: 爬取电影: 血战钢锯岭
2025-10-30 04:25:58,943 [movie_spider] INFO: 爬取电影: 你的名字。
2025-10-30 04:25:58,943 [movie_spider] INFO: 爬取电影: 我是山姆
2025-10-30 04:25:58,944 [movie_spider] INFO: 爬取电影: 阳光姐妹淘
2025-10-30 04:25:58,944 [movie_spider] INFO: 爬取电影: 背靠背，脸对脸
2025-10-30 04:25:58,944 [movie_spider] INFO: 爬取电影: 心灵奇旅
2025-10-30 04:25:58,945 [movie_spider] INFO: 爬取电影: 恐怖直播
2025-10-30 04:25:58,945 [movie_spider] INFO: 爬取电影: 黑客帝国3：矩阵革命
2025-10-30 04:25:58,945 [movie_spider] INFO: 爬取电影: 电锯惊魂
2025-10-30 04:25:58,946 [movie_spider] INFO: 爬取电影: 三块广告牌
2025-10-30 04:25:58,946 [movie_spider] INFO: 爬取电影: 小丑
2025-10-30 04:25:58,946 [movie_spider] INFO: 爬取电影: 谍影重重3
2025-10-30 04:25:58,947 [movie_spider] INFO: 爬取电影: 达拉斯买家俱乐部
2025-10-30 04:25:58,947 [movie_spider] INFO: 爬取电影: 疯狂原始人
2025-10-30 04:25:58,947 [movie_spider] INFO: 爬取电影: 无间道2
2025-10-30 04:25:58,948 [movie_spider] INFO: 爬取电影: 末路狂花
2025-10-30 04:25:58,948 [hdfs.client] INFO: Instantiated <InsecureClient(url='http://localhost:9000')>.
2025-10-30 04:25:58,948 [hdfs.client] INFO: Creating directories to '/movie_data'.
2025-10-30 04:25:58,948 [hdfs.client] DEBUG: Resolved path '/movie_data' to '/movie_data'.
2025-10-30 04:25:58,949 [urllib3.connectionpool] DEBUG: Starting new HTTP connection (1): localhost:9000
2025-10-30 04:25:58,950 [hdfs.client] INFO: Writing to '/movie_data/douban_movies_20251030_042558.json'.
2025-10-30 04:25:58,950 [hdfs.client] DEBUG: Resolved path '/movie_data/douban_movies_20251030_042558.json' to '/movie_data/douban_movies_20251030_042558.json'.
2025-10-30 04:25:58,951 [urllib3.connectionpool] DEBUG: Starting new HTTP connection (2): localhost:9000
2025-10-30 04:25:58,952 [movie_spider] ERROR: 保存到HDFS失败: ('Connection aborted.', BadStatusLine('\x00\x00\x00|{\x08ÿÿÿÿ\x0f\x10\x02\x18\t")org.apache.hadoop.ipc.RPC$VersionMismatch*>Server IPC version 9 cannot communicate with client version 470\x0e:\x00@\x01'))
2025-10-30 04:25:58,954 [movie_spider] INFO: 转到下一页: https://movie.douban.com/top250?start=175&filter=
2025-10-30 04:26:00,580 [scrapy.core.engine] DEBUG: Crawled (200) <GET https://movie.douban.com/top250?start=175&filter=> (referer: https://movie.douban.com/top250?start=150&filter=)
2025-10-30 04:26:00,684 [movie_spider] INFO: 爬取电影: 绿里奇迹
2025-10-30 04:26:00,685 [movie_spider] INFO: 爬取电影: 爱在午夜降临前
2025-10-30 04:26:00,685 [movie_spider] INFO: 爬取电影: 海街日记
2025-10-30 04:26:00,685 [movie_spider] INFO: 爬取电影: 高山下的花环
2025-10-30 04:26:00,686 [movie_spider] INFO: 爬取电影: 疯狂的石头
2025-10-30 04:26:00,686 [movie_spider] INFO: 爬取电影: 风之谷
2025-10-30 04:26:00,686 [movie_spider] INFO: 爬取电影: 上帝之城
2025-10-30 04:26:00,686 [movie_spider] INFO: 爬取电影: 雨中曲
2025-10-30 04:26:00,687 [movie_spider] INFO: 爬取电影: 2001太空漫游
2025-10-30 04:26:00,687 [movie_spider] INFO: 爬取电影: 英雄本色
2025-10-30 04:26:00,687 [movie_spider] INFO: 爬取电影: 心迷宫
2025-10-30 04:26:00,688 [movie_spider] INFO: 爬取电影: 记忆碎片
2025-10-30 04:26:00,688 [movie_spider] INFO: 爬取电影: 纵横四海
2025-10-30 04:26:00,688 [movie_spider] INFO: 爬取电影: 机器人之梦
2025-10-30 04:26:00,688 [movie_spider] INFO: 爬取电影: 卢旺达饭店
2025-10-30 04:26:00,689 [movie_spider] INFO: 爬取电影: 无敌破坏王
2025-10-30 04:26:00,689 [movie_spider] INFO: 爬取电影: 小偷家族
2025-10-30 04:26:00,689 [movie_spider] INFO: 爬取电影: 恐怖游轮
2025-10-30 04:26:00,690 [movie_spider] INFO: 爬取电影: 冰川时代
2025-10-30 04:26:00,690 [movie_spider] INFO: 爬取电影: 牯岭街少年杀人事件
2025-10-30 04:26:00,690 [movie_spider] INFO: 爬取电影: 东京教父
2025-10-30 04:26:00,690 [movie_spider] INFO: 爬取电影: 魔女宅急便
2025-10-30 04:26:00,691 [movie_spider] INFO: 爬取电影: 岁月神偷
2025-10-30 04:26:00,691 [movie_spider] INFO: 爬取电影: 忠犬八公物语
2025-10-30 04:26:00,691 [movie_spider] INFO: 爬取电影: 芙蓉镇
2025-10-30 04:26:00,691 [hdfs.client] INFO: Instantiated <InsecureClient(url='http://localhost:9000')>.
2025-10-30 04:26:00,691 [hdfs.client] INFO: Creating directories to '/movie_data'.
2025-10-30 04:26:00,692 [hdfs.client] DEBUG: Resolved path '/movie_data' to '/movie_data'.
2025-10-30 04:26:00,692 [urllib3.connectionpool] DEBUG: Starting new HTTP connection (1): localhost:9000
2025-10-30 04:26:00,693 [hdfs.client] INFO: Writing to '/movie_data/douban_movies_20251030_042600.json'.
2025-10-30 04:26:00,693 [hdfs.client] DEBUG: Resolved path '/movie_data/douban_movies_20251030_042600.json' to '/movie_data/douban_movies_20251030_042600.json'.
2025-10-30 04:26:00,694 [urllib3.connectionpool] DEBUG: Starting new HTTP connection (2): localhost:9000
2025-10-30 04:26:00,695 [movie_spider] ERROR: 保存到HDFS失败: ('Connection aborted.', BadStatusLine('\x00\x00\x00|{\x08ÿÿÿÿ\x0f\x10\x02\x18\t")org.apache.hadoop.ipc.RPC$VersionMismatch*>Server IPC version 9 cannot communicate with client version 470\x0e:\x00@\x01'))
2025-10-30 04:26:00,695 [movie_spider] INFO: 转到下一页: https://movie.douban.com/top250?start=200&filter=
2025-10-30 04:26:03,510 [scrapy.core.engine] DEBUG: Crawled (200) <GET https://movie.douban.com/top250?start=200&filter=> (referer: https://movie.douban.com/top250?start=175&filter=)
2025-10-30 04:26:03,613 [movie_spider] INFO: 爬取电影: 荒蛮故事
2025-10-30 04:26:03,614 [movie_spider] INFO: 爬取电影: 遗愿清单
2025-10-30 04:26:03,614 [movie_spider] INFO: 爬取电影: 大佛普拉斯
2025-10-30 04:26:03,614 [movie_spider] INFO: 爬取电影: 源代码
2025-10-30 04:26:03,615 [movie_spider] INFO: 爬取电影: 贫民窟的百万富翁
2025-10-30 04:26:03,615 [movie_spider] INFO: 爬取电影: 疯狂的麦克斯4：狂暴之路
2025-10-30 04:26:03,616 [movie_spider] INFO: 爬取电影: 你看起来好像很好吃
2025-10-30 04:26:03,616 [movie_spider] INFO: 爬取电影: 可可西里
2025-10-30 04:26:03,616 [movie_spider] INFO: 爬取电影: 花束般的恋爱
2025-10-30 04:26:03,617 [movie_spider] INFO: 爬取电影: 东邪西毒
2025-10-30 04:26:03,617 [movie_spider] INFO: 爬取电影: 城市之光
2025-10-30 04:26:03,617 [movie_spider] INFO: 爬取电影: 波西米亚狂想曲
2025-10-30 04:26:03,618 [movie_spider] INFO: 爬取电影: 爆裂鼓手
2025-10-30 04:26:03,618 [movie_spider] INFO: 爬取电影: 白日梦想家
2025-10-30 04:26:03,618 [movie_spider] INFO: 爬取电影: 青蛇
2025-10-30 04:26:03,618 [movie_spider] INFO: 爬取电影: 爱乐之城
2025-10-30 04:26:03,619 [movie_spider] INFO: 爬取电影: 哈利·波特与死亡圣器(上)
2025-10-30 04:26:03,619 [movie_spider] INFO: 爬取电影: 黑天鹅
2025-10-30 04:26:03,619 [movie_spider] INFO: 爬取电影: 终结者2：审判日
2025-10-30 04:26:03,619 [movie_spider] INFO: 爬取电影: 无耻混蛋
2025-10-30 04:26:03,620 [movie_spider] INFO: 爬取电影: 大红灯笼高高挂
2025-10-30 04:26:03,620 [movie_spider] INFO: 爬取电影: 初恋这件小事
2025-10-30 04:26:03,620 [movie_spider] INFO: 爬取电影: 新龙门客栈
2025-10-30 04:26:03,620 [movie_spider] INFO: 爬取电影: 人工智能
2025-10-30 04:26:03,621 [movie_spider] INFO: 爬取电影: 雨人
2025-10-30 04:26:03,621 [hdfs.client] INFO: Instantiated <InsecureClient(url='http://localhost:9000')>.
2025-10-30 04:26:03,621 [hdfs.client] INFO: Creating directories to '/movie_data'.
2025-10-30 04:26:03,621 [hdfs.client] DEBUG: Resolved path '/movie_data' to '/movie_data'.
2025-10-30 04:26:03,621 [urllib3.connectionpool] DEBUG: Starting new HTTP connection (1): localhost:9000
2025-10-30 04:26:03,622 [hdfs.client] INFO: Writing to '/movie_data/douban_movies_20251030_042603.json'.
2025-10-30 04:26:03,622 [hdfs.client] DEBUG: Resolved path '/movie_data/douban_movies_20251030_042603.json' to '/movie_data/douban_movies_20251030_042603.json'.
2025-10-30 04:26:03,623 [urllib3.connectionpool] DEBUG: Starting new HTTP connection (2): localhost:9000
2025-10-30 04:26:03,623 [movie_spider] ERROR: 保存到HDFS失败: ('Connection aborted.', BadStatusLine('\x00\x00\x00|{\x08ÿÿÿÿ\x0f\x10\x02\x18\t")org.apache.hadoop.ipc.RPC$VersionMismatch*>Server IPC version 9 cannot communicate with client version 470\x0e:\x00@\x01'))
2025-10-30 04:26:03,624 [movie_spider] INFO: 转到下一页: https://movie.douban.com/top250?start=225&filter=
2025-10-30 04:26:05,551 [scrapy.core.engine] DEBUG: Crawled (200) <GET https://movie.douban.com/top250?start=225&filter=> (referer: https://movie.douban.com/top250?start=200&filter=)
2025-10-30 04:26:05,654 [movie_spider] INFO: 爬取电影: 崖上的波妞
2025-10-30 04:26:05,655 [movie_spider] INFO: 爬取电影: 虎口脱险
2025-10-30 04:26:05,655 [movie_spider] INFO: 爬取电影: 千钧一发
2025-10-30 04:26:05,655 [movie_spider] INFO: 爬取电影: 真爱至上
2025-10-30 04:26:05,656 [movie_spider] INFO: 爬取电影: 罗生门
2025-10-30 04:26:05,656 [movie_spider] INFO: 爬取电影: 恋恋笔记本
2025-10-30 04:26:05,656 [movie_spider] INFO: 爬取电影: 哈利·波特与凤凰社
2025-10-30 04:26:05,657 [movie_spider] INFO: 爬取电影: 彗星来的那一夜
2025-10-30 04:26:05,657 [movie_spider] INFO: 爬取电影: 海边的曼彻斯特
2025-10-30 04:26:05,658 [movie_spider] INFO: 爬取电影: 火星救援
2025-10-30 04:26:05,658 [movie_spider] INFO: 爬取电影: 黑客帝国2：重装上阵
2025-10-30 04:26:05,658 [movie_spider] INFO: 爬取电影: 奇迹男孩
2025-10-30 04:26:05,659 [movie_spider] INFO: 爬取电影: 千年女优
2025-10-30 04:26:05,659 [movie_spider] INFO: 爬取电影: 战争之王
2025-10-30 04:26:05,659 [movie_spider] INFO: 爬取电影: 萤火虫之墓
2025-10-30 04:26:05,660 [movie_spider] INFO: 爬取电影: 步履不停
2025-10-30 04:26:05,660 [movie_spider] INFO: 爬取电影: 谍影重重2
2025-10-30 04:26:05,660 [movie_spider] INFO: 爬取电影: 攻壳机动队
2025-10-30 04:26:05,661 [movie_spider] INFO: 爬取电影: 蜘蛛侠：平行宇宙
2025-10-30 04:26:05,661 [movie_spider] INFO: 爬取电影: 血钻
2025-10-30 04:26:05,661 [movie_spider] INFO: 爬取电影: 冰雪奇缘
2025-10-30 04:26:05,662 [movie_spider] INFO: 爬取电影: 魂断蓝桥
2025-10-30 04:26:05,662 [movie_spider] INFO: 爬取电影: 房间
2025-10-30 04:26:05,663 [movie_spider] INFO: 爬取电影: 隐藏人物
2025-10-30 04:26:05,664 [movie_spider] INFO: 爬取电影: 谍影重重
2025-10-30 04:26:05,664 [hdfs.client] INFO: Instantiated <InsecureClient(url='http://localhost:9000')>.
2025-10-30 04:26:05,664 [hdfs.client] INFO: Creating directories to '/movie_data'.
2025-10-30 04:26:05,664 [hdfs.client] DEBUG: Resolved path '/movie_data' to '/movie_data'.
2025-10-30 04:26:05,665 [urllib3.connectionpool] DEBUG: Starting new HTTP connection (1): localhost:9000
2025-10-30 04:26:05,666 [hdfs.client] INFO: Writing to '/movie_data/douban_movies_20251030_042605.json'.
2025-10-30 04:26:05,666 [hdfs.client] DEBUG: Resolved path '/movie_data/douban_movies_20251030_042605.json' to '/movie_data/douban_movies_20251030_042605.json'.
2025-10-30 04:26:05,666 [urllib3.connectionpool] DEBUG: Starting new HTTP connection (2): localhost:9000
2025-10-30 04:26:05,667 [movie_spider] ERROR: 保存到HDFS失败: ('Connection aborted.', BadStatusLine('\x00\x00\x00|{\x08ÿÿÿÿ\x0f\x10\x02\x18\t")org.apache.hadoop.ipc.RPC$VersionMismatch*>Server IPC version 9 cannot communicate with client version 470\x0e:\x00@\x01'))
2025-10-30 04:26:05,668 [scrapy.core.engine] INFO: Closing spider (finished)
2025-10-30 04:26:05,668 [scrapy.statscollectors] INFO: Dumping Scrapy stats:
{'downloader/request_bytes': 3969,
 'downloader/request_count': 10,
 'downloader/request_method_count/GET': 10,
 'downloader/response_bytes': 116429,
 'downloader/response_count': 10,
 'downloader/response_status_count/200': 10,
 'elapsed_time_seconds': 22.70701,
 'finish_reason': 'finished',
 'finish_time': datetime.datetime(2025, 10, 30, 11, 26, 5, 668552, tzinfo=datetime.timezone.utc),
 'httpcompression/response_bytes': 627042,
 'httpcompression/response_count': 10,
 'log_count/ERROR': 10,
 'log_count/INFO': 299,
 'log_count/WARNING': 1,
 'memusage/max': 59183104,
 'memusage/startup': 59183104,
 'request_depth_max': 9,
 'response_received_count': 10,
 'scheduler/dequeued': 10,
 'scheduler/dequeued/memory': 10,
 'scheduler/enqueued': 10,
 'scheduler/enqueued/memory': 10,
 'start_time': datetime.datetime(2025, 10, 30, 11, 25, 42, 961542, tzinfo=datetime.timezone.utc)}
2025-10-30 04:26:05,669 [scrapy.core.engine] INFO: Spider closed (finished)
2025-10-30 04:33:57,290 [scrapy.utils.log] INFO: Scrapy 2.11.2 started (bot: scrapybot)
2025-10-30 04:33:57,301 [scrapy.utils.log] INFO: Versions: lxml 6.0.2.0, libxml2 2.14.6, cssselect 1.2.0, parsel 1.9.1, w3lib 2.2.1, Twisted 25.5.0, Python 3.8.10 (default, Mar 18 2025, 20:04:55) - [GCC 9.4.0], pyOpenSSL 25.3.0 (OpenSSL 3.5.4 30 Sep 2025), cryptography 46.0.3, Platform Linux-5.15.0-139-generic-x86_64-with-glibc2.29
2025-10-30 04:33:57,303 [scrapy.addons] INFO: Enabled addons:
[]
2025-10-30 04:33:57,304 [py.warnings] WARNING: /home/hadoop/.local/lib/python3.8/site-packages/scrapy/utils/request.py:254: ScrapyDeprecationWarning: '2.6' is a deprecated value for the 'REQUEST_FINGERPRINTER_IMPLEMENTATION' setting.

It is also the default value. In other words, it is normal to get this warning if you have not defined a value for the 'REQUEST_FINGERPRINTER_IMPLEMENTATION' setting. This is so for backward compatibility reasons, but it will change in a future version of Scrapy.

See the documentation of the 'REQUEST_FINGERPRINTER_IMPLEMENTATION' setting for information on how to handle this deprecation.
  return cls(crawler)

2025-10-30 04:33:57,305 [scrapy.utils.log] DEBUG: Using reactor: twisted.internet.epollreactor.EPollReactor
2025-10-30 04:33:57,314 [scrapy.extensions.telnet] INFO: Telnet Password: 48efff2e2799d8ac
2025-10-30 04:33:57,344 [scrapy.middleware] INFO: Enabled extensions:
['scrapy.extensions.corestats.CoreStats',
 'scrapy.extensions.telnet.TelnetConsole',
 'scrapy.extensions.memusage.MemoryUsage',
 'scrapy.extensions.logstats.LogStats']
2025-10-30 04:33:57,345 [scrapy.crawler] INFO: Overridden settings:
{'CONCURRENT_REQUESTS_PER_DOMAIN': 1,
 'DOWNLOAD_DELAY': 2,
 'LOG_LEVEL': 'INFO',
 'USER_AGENT': 'Mozilla/5.0 (Windows NT 10.0; Win64; x64) AppleWebKit/537.36'}
2025-10-30 04:33:57,409 [scrapy.middleware] INFO: Enabled downloader middlewares:
['scrapy.downloadermiddlewares.offsite.OffsiteMiddleware',
 'scrapy.downloadermiddlewares.httpauth.HttpAuthMiddleware',
 'scrapy.downloadermiddlewares.downloadtimeout.DownloadTimeoutMiddleware',
 'scrapy.downloadermiddlewares.defaultheaders.DefaultHeadersMiddleware',
 'scrapy.downloadermiddlewares.useragent.UserAgentMiddleware',
 'scrapy.downloadermiddlewares.retry.RetryMiddleware',
 'scrapy.downloadermiddlewares.redirect.MetaRefreshMiddleware',
 'scrapy.downloadermiddlewares.httpcompression.HttpCompressionMiddleware',
 'scrapy.downloadermiddlewares.redirect.RedirectMiddleware',
 'scrapy.downloadermiddlewares.cookies.CookiesMiddleware',
 'scrapy.downloadermiddlewares.httpproxy.HttpProxyMiddleware',
 'scrapy.downloadermiddlewares.stats.DownloaderStats']
2025-10-30 04:33:57,411 [scrapy.middleware] INFO: Enabled spider middlewares:
['scrapy.spidermiddlewares.httperror.HttpErrorMiddleware',
 'scrapy.spidermiddlewares.referer.RefererMiddleware',
 'scrapy.spidermiddlewares.urllength.UrlLengthMiddleware',
 'scrapy.spidermiddlewares.depth.DepthMiddleware']
2025-10-30 04:33:57,412 [scrapy.middleware] INFO: Enabled item pipelines:
[]
2025-10-30 04:33:57,412 [scrapy.core.engine] INFO: Spider opened
2025-10-30 04:33:57,416 [scrapy.extensions.logstats] INFO: Crawled 0 pages (at 0 pages/min), scraped 0 items (at 0 items/min)
2025-10-30 04:33:57,422 [scrapy.extensions.telnet] INFO: Telnet console listening on 127.0.0.1:6023
2025-10-30 04:33:57,628 [scrapy.core.engine] DEBUG: Crawled (200) <GET https://movie.douban.com/top250> (referer: https://movie.douban.com/)
2025-10-30 04:33:57,735 [movie_spider] INFO: 爬取电影: 肖申克的救赎 - 评分: 9.7
2025-10-30 04:33:57,736 [movie_spider] INFO: 爬取电影: 霸王别姬 - 评分: 9.6
2025-10-30 04:33:57,736 [movie_spider] INFO: 爬取电影: 泰坦尼克号 - 评分: 9.5
2025-10-30 04:33:57,737 [movie_spider] INFO: 爬取电影: 阿甘正传 - 评分: 9.5
2025-10-30 04:33:57,737 [movie_spider] INFO: 爬取电影: 千与千寻 - 评分: 9.4
2025-10-30 04:33:57,737 [movie_spider] INFO: 爬取电影: 美丽人生 - 评分: 9.5
2025-10-30 04:33:57,737 [movie_spider] INFO: 爬取电影: 星际穿越 - 评分: 9.4
2025-10-30 04:33:57,738 [movie_spider] INFO: 爬取电影: 这个杀手不太冷 - 评分: 9.4
2025-10-30 04:33:57,738 [movie_spider] INFO: 爬取电影: 盗梦空间 - 评分: 9.4
2025-10-30 04:33:57,738 [movie_spider] INFO: 爬取电影: 楚门的世界 - 评分: 9.4
2025-10-30 04:33:57,739 [movie_spider] INFO: 爬取电影: 辛德勒的名单 - 评分: 9.5
2025-10-30 04:33:57,739 [movie_spider] INFO: 爬取电影: 忠犬八公的故事 - 评分: 9.4
2025-10-30 04:33:57,739 [movie_spider] INFO: 爬取电影: 海上钢琴师 - 评分: 9.3
2025-10-30 04:33:57,740 [movie_spider] INFO: 爬取电影: 疯狂动物城 - 评分: 9.2
2025-10-30 04:33:57,740 [movie_spider] INFO: 爬取电影: 三傻大闹宝莱坞 - 评分: 9.2
2025-10-30 04:33:57,741 [movie_spider] INFO: 爬取电影: 机器人总动员 - 评分: 9.3
2025-10-30 04:33:57,742 [movie_spider] INFO: 爬取电影: 放牛班的春天 - 评分: 9.3
2025-10-30 04:33:57,743 [movie_spider] INFO: 爬取电影: 无间道 - 评分: 9.3
2025-10-30 04:33:57,743 [movie_spider] INFO: 爬取电影: 控方证人 - 评分: 9.6
2025-10-30 04:33:57,744 [movie_spider] INFO: 爬取电影: 大话西游之大圣娶亲 - 评分: 9.2
2025-10-30 04:33:57,744 [movie_spider] INFO: 爬取电影: 熔炉 - 评分: 9.3
2025-10-30 04:33:57,744 [movie_spider] INFO: 爬取电影: 触不可及 - 评分: 9.3
2025-10-30 04:33:57,745 [movie_spider] INFO: 爬取电影: 寻梦环游记 - 评分: 9.1
2025-10-30 04:33:57,745 [movie_spider] INFO: 爬取电影: 教父 - 评分: 9.3
2025-10-30 04:33:57,746 [movie_spider] INFO: 爬取电影: 当幸福来敲门 - 评分: 9.1
2025-10-30 04:33:57,746 [movie_spider] INFO: 转到下一页: https://movie.douban.com/top250?start=25&filter=
2025-10-30 04:33:59,958 [scrapy.core.engine] DEBUG: Crawled (200) <GET https://movie.douban.com/top250?start=25&filter=> (referer: https://movie.douban.com/top250)
2025-10-30 04:34:00,064 [movie_spider] INFO: 爬取电影: 末代皇帝 - 评分: 9.3
2025-10-30 04:34:00,065 [movie_spider] INFO: 爬取电影: 哈利·波特与魔法石 - 评分: 9.2
2025-10-30 04:34:00,065 [movie_spider] INFO: 爬取电影: 龙猫 - 评分: 9.2
2025-10-30 04:34:00,066 [movie_spider] INFO: 爬取电影: 活着 - 评分: 9.3
2025-10-30 04:34:00,066 [movie_spider] INFO: 爬取电影: 怦然心动 - 评分: 9.1
2025-10-30 04:34:00,066 [movie_spider] INFO: 爬取电影: 蝙蝠侠：黑暗骑士 - 评分: 9.2
2025-10-30 04:34:00,067 [movie_spider] INFO: 爬取电影: 指环王3：王者无敌 - 评分: 9.3
2025-10-30 04:34:00,067 [movie_spider] INFO: 爬取电影: 我不是药神 - 评分: 9.0
2025-10-30 04:34:00,068 [movie_spider] INFO: 爬取电影: 乱世佳人 - 评分: 9.3
2025-10-30 04:34:00,068 [movie_spider] INFO: 爬取电影: 飞屋环游记 - 评分: 9.1
2025-10-30 04:34:00,068 [movie_spider] INFO: 爬取电影: 让子弹飞 - 评分: 9.0
2025-10-30 04:34:00,069 [movie_spider] INFO: 爬取电影: 哈尔的移动城堡 - 评分: 9.1
2025-10-30 04:34:00,069 [movie_spider] INFO: 爬取电影: 十二怒汉 - 评分: 9.4
2025-10-30 04:34:00,070 [movie_spider] INFO: 爬取电影: 素媛 - 评分: 9.3
2025-10-30 04:34:00,070 [movie_spider] INFO: 爬取电影: 海蒂和爷爷 - 评分: 9.3
2025-10-30 04:34:00,071 [movie_spider] INFO: 爬取电影: 猫鼠游戏 - 评分: 9.1
2025-10-30 04:34:00,071 [movie_spider] INFO: 爬取电影: 天空之城 - 评分: 9.2
2025-10-30 04:34:00,071 [movie_spider] INFO: 爬取电影: 鬼子来了 - 评分: 9.3
2025-10-30 04:34:00,072 [movie_spider] INFO: 爬取电影: 摔跤吧！爸爸 - 评分: 9.0
2025-10-30 04:34:00,072 [movie_spider] INFO: 爬取电影: 少年派的奇幻漂流 - 评分: 9.1
2025-10-30 04:34:00,073 [movie_spider] INFO: 爬取电影: 钢琴家 - 评分: 9.3
2025-10-30 04:34:00,073 [movie_spider] INFO: 爬取电影: 指环王2：双塔奇兵 - 评分: 9.2
2025-10-30 04:34:00,074 [movie_spider] INFO: 爬取电影: 死亡诗社 - 评分: 9.2
2025-10-30 04:34:00,074 [movie_spider] INFO: 爬取电影: 大话西游之月光宝盒 - 评分: 9.0
2025-10-30 04:34:00,075 [movie_spider] INFO: 爬取电影: 何以为家 - 评分: 9.1
2025-10-30 04:34:00,075 [movie_spider] INFO: 转到下一页: https://movie.douban.com/top250?start=50&filter=
2025-10-30 04:34:03,042 [scrapy.core.engine] DEBUG: Crawled (200) <GET https://movie.douban.com/top250?start=50&filter=> (referer: https://movie.douban.com/top250?start=25&filter=)
2025-10-30 04:34:03,148 [movie_spider] INFO: 爬取电影: 闻香识女人 - 评分: 9.1
2025-10-30 04:34:03,148 [movie_spider] INFO: 爬取电影: 绿皮书 - 评分: 8.9
2025-10-30 04:34:03,149 [movie_spider] INFO: 爬取电影: 大闹天宫 - 评分: 9.4
2025-10-30 04:34:03,149 [movie_spider] INFO: 爬取电影: 黑客帝国 - 评分: 9.1
2025-10-30 04:34:03,149 [movie_spider] INFO: 爬取电影: 指环王1：护戒使者 - 评分: 9.1
2025-10-30 04:34:03,150 [movie_spider] INFO: 爬取电影: 罗马假日 - 评分: 9.1
2025-10-30 04:34:03,150 [movie_spider] INFO: 爬取电影: 教父2 - 评分: 9.3
2025-10-30 04:34:03,150 [movie_spider] INFO: 爬取电影: 狮子王 - 评分: 9.1
2025-10-30 04:34:03,150 [movie_spider] INFO: 爬取电影: 天堂电影院 - 评分: 9.2
2025-10-30 04:34:03,151 [movie_spider] INFO: 爬取电影: 饮食男女 - 评分: 9.2
2025-10-30 04:34:03,151 [movie_spider] INFO: 爬取电影: 辩护人 - 评分: 9.2
2025-10-30 04:34:03,151 [movie_spider] INFO: 爬取电影: 本杰明·巴顿奇事 - 评分: 9.0
2025-10-30 04:34:03,152 [movie_spider] INFO: 爬取电影: 搏击俱乐部 - 评分: 9.0
2025-10-30 04:34:03,152 [movie_spider] INFO: 爬取电影: 美丽心灵 - 评分: 9.1
2025-10-30 04:34:03,152 [movie_spider] INFO: 爬取电影: 穿条纹睡衣的男孩 - 评分: 9.2
2025-10-30 04:34:03,153 [movie_spider] INFO: 爬取电影: 情书 - 评分: 8.9
2025-10-30 04:34:03,153 [movie_spider] INFO: 爬取电影: 哈利·波特与死亡圣器(下) - 评分: 9.0
2025-10-30 04:34:03,154 [movie_spider] INFO: 爬取电影: 两杆大烟枪 - 评分: 9.1
2025-10-30 04:34:03,154 [movie_spider] INFO: 爬取电影: 窃听风暴 - 评分: 9.2
2025-10-30 04:34:03,155 [movie_spider] INFO: 爬取电影: 音乐之声 - 评分: 9.1
2025-10-30 04:34:03,155 [movie_spider] INFO: 爬取电影: 功夫 - 评分: 8.9
2025-10-30 04:34:03,156 [movie_spider] INFO: 爬取电影: 西西里的美丽传说 - 评分: 8.9
2025-10-30 04:34:03,156 [movie_spider] INFO: 爬取电影: 哈利·波特与阿兹卡班的囚徒 - 评分: 9.0
2025-10-30 04:34:03,156 [movie_spider] INFO: 爬取电影: 阿凡达 - 评分: 8.8
2025-10-30 04:34:03,157 [movie_spider] INFO: 爬取电影: 看不见的客人 - 评分: 8.8
2025-10-30 04:34:03,157 [movie_spider] INFO: 转到下一页: https://movie.douban.com/top250?start=75&filter=
2025-10-30 04:34:04,541 [scrapy.core.engine] DEBUG: Crawled (200) <GET https://movie.douban.com/top250?start=75&filter=> (referer: https://movie.douban.com/top250?start=50&filter=)
2025-10-30 04:34:04,645 [movie_spider] INFO: 爬取电影: 拯救大兵瑞恩 - 评分: 9.1
2025-10-30 04:34:04,646 [movie_spider] INFO: 爬取电影: 沉默的羔羊 - 评分: 8.9
2025-10-30 04:34:04,646 [movie_spider] INFO: 爬取电影: 小鞋子 - 评分: 9.2
2025-10-30 04:34:04,647 [movie_spider] INFO: 爬取电影: 飞越疯人院 - 评分: 9.1
2025-10-30 04:34:04,647 [movie_spider] INFO: 爬取电影: 布达佩斯大饭店 - 评分: 8.9
2025-10-30 04:34:04,647 [movie_spider] INFO: 爬取电影: 蝴蝶效应 - 评分: 8.9
2025-10-30 04:34:04,648 [movie_spider] INFO: 爬取电影: 禁闭岛 - 评分: 8.9
2025-10-30 04:34:04,648 [movie_spider] INFO: 爬取电影: 心灵捕手 - 评分: 9.0
2025-10-30 04:34:04,648 [movie_spider] INFO: 爬取电影: 致命魔术 - 评分: 8.9
2025-10-30 04:34:04,649 [movie_spider] INFO: 爬取电影: 低俗小说 - 评分: 8.9
2025-10-30 04:34:04,649 [movie_spider] INFO: 爬取电影: 超脱 - 评分: 9.0
2025-10-30 04:34:04,649 [movie_spider] INFO: 爬取电影: 哈利·波特与密室 - 评分: 8.9
2025-10-30 04:34:04,649 [movie_spider] INFO: 爬取电影: 还有明天 - 评分: 9.3
2025-10-30 04:34:04,650 [movie_spider] INFO: 爬取电影: 喜剧之王 - 评分: 8.8
2025-10-30 04:34:04,650 [movie_spider] INFO: 爬取电影: 摩登时代 - 评分: 9.3
2025-10-30 04:34:04,650 [movie_spider] INFO: 爬取电影: 一一 - 评分: 9.1
2025-10-30 04:34:04,651 [movie_spider] INFO: 爬取电影: 杀人回忆 - 评分: 8.9
2025-10-30 04:34:04,652 [movie_spider] INFO: 爬取电影: 致命ID - 评分: 8.9
2025-10-30 04:34:04,652 [movie_spider] INFO: 爬取电影: 春光乍泄 - 评分: 9.0
2025-10-30 04:34:04,652 [movie_spider] INFO: 爬取电影: 海豚湾 - 评分: 9.3
2025-10-30 04:34:04,653 [movie_spider] INFO: 爬取电影: 加勒比海盗 - 评分: 8.8
2025-10-30 04:34:04,653 [movie_spider] INFO: 爬取电影: 美国往事 - 评分: 9.1
2025-10-30 04:34:04,654 [movie_spider] INFO: 爬取电影: 红辣椒 - 评分: 9.0
2025-10-30 04:34:04,654 [movie_spider] INFO: 爬取电影: 七宗罪 - 评分: 8.8
2025-10-30 04:34:04,654 [movie_spider] INFO: 爬取电影: 唐伯虎点秋香 - 评分: 8.8
2025-10-30 04:34:04,655 [movie_spider] INFO: 转到下一页: https://movie.douban.com/top250?start=100&filter=
2025-10-30 04:34:06,498 [scrapy.core.engine] DEBUG: Crawled (200) <GET https://movie.douban.com/top250?start=100&filter=> (referer: https://movie.douban.com/top250?start=75&filter=)
2025-10-30 04:34:06,604 [movie_spider] INFO: 爬取电影: 狩猎 - 评分: 9.1
2025-10-30 04:34:06,604 [movie_spider] INFO: 爬取电影: 幽灵公主 - 评分: 8.9
2025-10-30 04:34:06,605 [movie_spider] INFO: 爬取电影: 甜蜜蜜 - 评分: 8.9
2025-10-30 04:34:06,606 [movie_spider] INFO: 爬取电影: 蝙蝠侠：黑暗骑士崛起 - 评分: 8.9
2025-10-30 04:34:06,606 [movie_spider] INFO: 爬取电影: 寄生虫 - 评分: 8.8
2025-10-30 04:34:06,606 [movie_spider] INFO: 爬取电影: 天书奇谭 - 评分: 9.2
2025-10-30 04:34:06,606 [movie_spider] INFO: 爬取电影: 7号房的礼物 - 评分: 8.9
2025-10-30 04:34:06,607 [movie_spider] INFO: 爬取电影: 超能陆战队 - 评分: 8.8
2025-10-30 04:34:06,607 [movie_spider] INFO: 爬取电影: 爱在黎明破晓前 - 评分: 8.8
2025-10-30 04:34:06,607 [movie_spider] INFO: 爬取电影: 第六感 - 评分: 8.9
2025-10-30 04:34:06,608 [movie_spider] INFO: 爬取电影: 爱在日落黄昏时 - 评分: 8.9
2025-10-30 04:34:06,608 [movie_spider] INFO: 爬取电影: 被嫌弃的松子的一生 - 评分: 8.8
2025-10-30 04:34:06,609 [movie_spider] INFO: 爬取电影: 重庆森林 - 评分: 8.8
2025-10-30 04:34:06,609 [movie_spider] INFO: 爬取电影: 茶馆 - 评分: 9.6
2025-10-30 04:34:06,609 [movie_spider] INFO: 爬取电影: 未麻的部屋 - 评分: 9.1
2025-10-30 04:34:06,610 [movie_spider] INFO: 爬取电影: 哈利·波特与火焰杯 - 评分: 8.8
2025-10-30 04:34:06,610 [movie_spider] INFO: 爬取电影: 入殓师 - 评分: 8.9
2025-10-30 04:34:06,610 [movie_spider] INFO: 爬取电影: 借东西的小人阿莉埃蒂 - 评分: 8.9
2025-10-30 04:34:06,611 [movie_spider] INFO: 爬取电影: 头脑特工队 - 评分: 8.8
2025-10-30 04:34:06,611 [movie_spider] INFO: 爬取电影: 菊次郎的夏天 - 评分: 8.9
2025-10-30 04:34:06,612 [movie_spider] INFO: 爬取电影: 剪刀手爱德华 - 评分: 8.7
2025-10-30 04:34:06,612 [movie_spider] INFO: 爬取电影: 断背山 - 评分: 8.8
2025-10-30 04:34:06,612 [movie_spider] INFO: 爬取电影: 勇敢的心 - 评分: 8.9
2025-10-30 04:34:06,613 [movie_spider] INFO: 爬取电影: 时空恋旅人 - 评分: 8.8
2025-10-30 04:34:06,613 [movie_spider] INFO: 爬取电影: 消失的爱人 - 评分: 8.7
2025-10-30 04:34:06,614 [movie_spider] INFO: 转到下一页: https://movie.douban.com/top250?start=125&filter=
2025-10-30 04:34:08,818 [scrapy.core.engine] DEBUG: Crawled (200) <GET https://movie.douban.com/top250?start=125&filter=> (referer: https://movie.douban.com/top250?start=100&filter=)
2025-10-30 04:34:08,923 [movie_spider] INFO: 爬取电影: 无人知晓 - 评分: 9.1
2025-10-30 04:34:08,923 [movie_spider] INFO: 爬取电影: 倩女幽魂 - 评分: 8.8
2025-10-30 04:34:08,924 [movie_spider] INFO: 爬取电影: 驯龙高手 - 评分: 8.8
2025-10-30 04:34:08,924 [movie_spider] INFO: 爬取电影: 花样年华 - 评分: 8.8
2025-10-30 04:34:08,925 [movie_spider] INFO: 爬取电影: 傲慢与偏见 - 评分: 8.7
2025-10-30 04:34:08,925 [movie_spider] INFO: 爬取电影: 完美的世界 - 评分: 9.1
2025-10-30 04:34:08,925 [movie_spider] INFO: 爬取电影: 新世界 - 评分: 8.9
2025-10-30 04:34:08,925 [movie_spider] INFO: 爬取电影: 阳光灿烂的日子 - 评分: 8.8
2025-10-30 04:34:08,926 [movie_spider] INFO: 爬取电影: 小森林 夏秋篇 - 评分: 9.0
2025-10-30 04:34:08,926 [movie_spider] INFO: 爬取电影: 一个叫欧维的男人决定去死 - 评分: 8.9
2025-10-30 04:34:08,926 [movie_spider] INFO: 爬取电影: 天使爱美丽 - 评分: 8.7
2025-10-30 04:34:08,927 [movie_spider] INFO: 爬取电影: 玩具总动员3 - 评分: 8.9
2025-10-30 04:34:08,927 [movie_spider] INFO: 爬取电影: 怪兽电力公司 - 评分: 8.8
2025-10-30 04:34:08,927 [movie_spider] INFO: 爬取电影: 色，戒 - 评分: 8.7
2025-10-30 04:34:08,928 [movie_spider] INFO: 爬取电影: 侧耳倾听 - 评分: 8.9
2025-10-30 04:34:08,928 [movie_spider] INFO: 爬取电影: 教父3 - 评分: 9.0
2025-10-30 04:34:08,929 [movie_spider] INFO: 爬取电影: 请以你的名字呼唤我 - 评分: 8.8
2025-10-30 04:34:08,929 [movie_spider] INFO: 爬取电影: 哪吒闹海 - 评分: 9.2
2025-10-30 04:34:08,929 [movie_spider] INFO: 爬取电影: 幸福终点站 - 评分: 8.8
2025-10-30 04:34:08,929 [movie_spider] INFO: 爬取电影: 九品芝麻官 - 评分: 8.8
2025-10-30 04:34:08,930 [movie_spider] INFO: 爬取电影: 被解救的姜戈 - 评分: 8.8
2025-10-30 04:34:08,930 [movie_spider] INFO: 爬取电影: 釜山行 - 评分: 8.6
2025-10-30 04:34:08,930 [movie_spider] INFO: 爬取电影: 小森林 冬春篇 - 评分: 9.0
2025-10-30 04:34:08,931 [movie_spider] INFO: 爬取电影: 神偷奶爸 - 评分: 8.7
2025-10-30 04:34:08,931 [movie_spider] INFO: 爬取电影: 萤火之森 - 评分: 8.8
2025-10-30 04:34:08,931 [movie_spider] INFO: 转到下一页: https://movie.douban.com/top250?start=150&filter=
2025-10-30 04:34:09,938 [scrapy.core.engine] DEBUG: Crawled (200) <GET https://movie.douban.com/top250?start=150&filter=> (referer: https://movie.douban.com/top250?start=125&filter=)
2025-10-30 04:34:10,042 [movie_spider] INFO: 爬取电影: 喜宴 - 评分: 9.0
2025-10-30 04:34:10,042 [movie_spider] INFO: 爬取电影: 告白 - 评分: 8.8
2025-10-30 04:34:10,043 [movie_spider] INFO: 爬取电影: 玛丽和麦克斯 - 评分: 9.0
2025-10-30 04:34:10,044 [movie_spider] INFO: 爬取电影: 七武士 - 评分: 9.3
2025-10-30 04:34:10,044 [movie_spider] INFO: 爬取电影: 头号玩家 - 评分: 8.6
2025-10-30 04:34:10,045 [movie_spider] INFO: 爬取电影: 模仿游戏 - 评分: 8.8
2025-10-30 04:34:10,045 [movie_spider] INFO: 爬取电影: 大鱼 - 评分: 8.8
2025-10-30 04:34:10,045 [movie_spider] INFO: 爬取电影: 惊魂记 - 评分: 9.0
2025-10-30 04:34:10,046 [movie_spider] INFO: 爬取电影: 射雕英雄传之东成西就 - 评分: 8.7
2025-10-30 04:34:10,046 [movie_spider] INFO: 爬取电影: 血战钢锯岭 - 评分: 8.7
2025-10-30 04:34:10,046 [movie_spider] INFO: 爬取电影: 你的名字。 - 评分: 8.5
2025-10-30 04:34:10,046 [movie_spider] INFO: 爬取电影: 我是山姆 - 评分: 9.0
2025-10-30 04:34:10,047 [movie_spider] INFO: 爬取电影: 阳光姐妹淘 - 评分: 8.8
2025-10-30 04:34:10,047 [movie_spider] INFO: 爬取电影: 背靠背，脸对脸 - 评分: 9.5
2025-10-30 04:34:10,048 [movie_spider] INFO: 爬取电影: 心灵奇旅 - 评分: 8.7
2025-10-30 04:34:10,048 [movie_spider] INFO: 爬取电影: 恐怖直播 - 评分: 8.7
2025-10-30 04:34:10,048 [movie_spider] INFO: 爬取电影: 黑客帝国3：矩阵革命 - 评分: 8.8
2025-10-30 04:34:10,048 [movie_spider] INFO: 爬取电影: 电锯惊魂 - 评分: 8.7
2025-10-30 04:34:10,049 [movie_spider] INFO: 爬取电影: 三块广告牌 - 评分: 8.7
2025-10-30 04:34:10,049 [movie_spider] INFO: 爬取电影: 小丑 - 评分: 8.7
2025-10-30 04:34:10,049 [movie_spider] INFO: 爬取电影: 谍影重重3 - 评分: 8.9
2025-10-30 04:34:10,050 [movie_spider] INFO: 爬取电影: 达拉斯买家俱乐部 - 评分: 8.8
2025-10-30 04:34:10,050 [movie_spider] INFO: 爬取电影: 疯狂原始人 - 评分: 8.7
2025-10-30 04:34:10,050 [movie_spider] INFO: 爬取电影: 无间道2 - 评分: 8.8
2025-10-30 04:34:10,051 [movie_spider] INFO: 爬取电影: 末路狂花 - 评分: 9.0
2025-10-30 04:34:10,051 [movie_spider] INFO: 转到下一页: https://movie.douban.com/top250?start=175&filter=
2025-10-30 04:34:13,099 [scrapy.core.engine] DEBUG: Crawled (200) <GET https://movie.douban.com/top250?start=175&filter=> (referer: https://movie.douban.com/top250?start=150&filter=)
2025-10-30 04:34:13,204 [movie_spider] INFO: 爬取电影: 绿里奇迹 - 评分: 8.9
2025-10-30 04:34:13,204 [movie_spider] INFO: 爬取电影: 爱在午夜降临前 - 评分: 8.9
2025-10-30 04:34:13,205 [movie_spider] INFO: 爬取电影: 海街日记 - 评分: 8.8
2025-10-30 04:34:13,205 [movie_spider] INFO: 爬取电影: 高山下的花环 - 评分: 9.5
2025-10-30 04:34:13,205 [movie_spider] INFO: 爬取电影: 疯狂的石头 - 评分: 8.6
2025-10-30 04:34:13,206 [movie_spider] INFO: 爬取电影: 风之谷 - 评分: 8.9
2025-10-30 04:34:13,206 [movie_spider] INFO: 爬取电影: 上帝之城 - 评分: 9.0
2025-10-30 04:34:13,206 [movie_spider] INFO: 爬取电影: 雨中曲 - 评分: 9.1
2025-10-30 04:34:13,207 [movie_spider] INFO: 爬取电影: 2001太空漫游 - 评分: 8.9
2025-10-30 04:34:13,207 [movie_spider] INFO: 爬取电影: 英雄本色 - 评分: 8.6
2025-10-30 04:34:13,208 [movie_spider] INFO: 爬取电影: 心迷宫 - 评分: 8.7
2025-10-30 04:34:13,208 [movie_spider] INFO: 爬取电影: 记忆碎片 - 评分: 8.7
2025-10-30 04:34:13,208 [movie_spider] INFO: 爬取电影: 纵横四海 - 评分: 8.8
2025-10-30 04:34:13,209 [movie_spider] INFO: 爬取电影: 机器人之梦 - 评分: 9.1
2025-10-30 04:34:13,209 [movie_spider] INFO: 爬取电影: 卢旺达饭店 - 评分: 8.9
2025-10-30 04:34:13,210 [movie_spider] INFO: 爬取电影: 无敌破坏王 - 评分: 8.7
2025-10-30 04:34:13,210 [movie_spider] INFO: 爬取电影: 小偷家族 - 评分: 8.7
2025-10-30 04:34:13,211 [movie_spider] INFO: 爬取电影: 恐怖游轮 - 评分: 8.5
2025-10-30 04:34:13,211 [movie_spider] INFO: 爬取电影: 冰川时代 - 评分: 8.7
2025-10-30 04:34:13,211 [movie_spider] INFO: 爬取电影: 牯岭街少年杀人事件 - 评分: 8.9
2025-10-30 04:34:13,211 [movie_spider] INFO: 爬取电影: 东京教父 - 评分: 9.0
2025-10-30 04:34:13,212 [movie_spider] INFO: 爬取电影: 魔女宅急便 - 评分: 8.7
2025-10-30 04:34:13,212 [movie_spider] INFO: 爬取电影: 岁月神偷 - 评分: 8.7
2025-10-30 04:34:13,212 [movie_spider] INFO: 爬取电影: 忠犬八公物语 - 评分: 9.2
2025-10-30 04:34:13,213 [movie_spider] INFO: 爬取电影: 芙蓉镇 - 评分: 9.3
2025-10-30 04:34:13,213 [movie_spider] INFO: 转到下一页: https://movie.douban.com/top250?start=200&filter=
2025-10-30 04:34:15,095 [scrapy.core.engine] DEBUG: Crawled (200) <GET https://movie.douban.com/top250?start=200&filter=> (referer: https://movie.douban.com/top250?start=175&filter=)
2025-10-30 04:34:15,200 [movie_spider] INFO: 爬取电影: 荒蛮故事 - 评分: 8.7
2025-10-30 04:34:15,201 [movie_spider] INFO: 爬取电影: 遗愿清单 - 评分: 8.7
2025-10-30 04:34:15,202 [movie_spider] INFO: 爬取电影: 大佛普拉斯 - 评分: 8.7
2025-10-30 04:34:15,203 [movie_spider] INFO: 爬取电影: 源代码 - 评分: 8.6
2025-10-30 04:34:15,203 [movie_spider] INFO: 爬取电影: 贫民窟的百万富翁 - 评分: 8.6
2025-10-30 04:34:15,204 [movie_spider] INFO: 爬取电影: 疯狂的麦克斯4：狂暴之路 - 评分: 8.7
2025-10-30 04:34:15,205 [movie_spider] INFO: 爬取电影: 你看起来好像很好吃 - 评分: 8.9
2025-10-30 04:34:15,205 [movie_spider] INFO: 爬取电影: 可可西里 - 评分: 8.9
2025-10-30 04:34:15,206 [movie_spider] INFO: 爬取电影: 花束般的恋爱 - 评分: 8.6
2025-10-30 04:34:15,206 [movie_spider] INFO: 爬取电影: 东邪西毒 - 评分: 8.6
2025-10-30 04:34:15,207 [movie_spider] INFO: 爬取电影: 城市之光 - 评分: 9.3
2025-10-30 04:34:15,207 [movie_spider] INFO: 爬取电影: 波西米亚狂想曲 - 评分: 8.6
2025-10-30 04:34:15,208 [movie_spider] INFO: 爬取电影: 爆裂鼓手 - 评分: 8.6
2025-10-30 04:34:15,208 [movie_spider] INFO: 爬取电影: 白日梦想家 - 评分: 8.6
2025-10-30 04:34:15,209 [movie_spider] INFO: 爬取电影: 青蛇 - 评分: 8.6
2025-10-30 04:34:15,209 [movie_spider] INFO: 爬取电影: 爱乐之城 - 评分: 8.4
2025-10-30 04:34:15,209 [movie_spider] INFO: 爬取电影: 哈利·波特与死亡圣器(上) - 评分: 8.6
2025-10-30 04:34:15,210 [movie_spider] INFO: 爬取电影: 黑天鹅 - 评分: 8.6
2025-10-30 04:34:15,210 [movie_spider] INFO: 爬取电影: 终结者2：审判日 - 评分: 8.8
2025-10-30 04:34:15,211 [movie_spider] INFO: 爬取电影: 无耻混蛋 - 评分: 8.7
2025-10-30 04:34:15,211 [movie_spider] INFO: 爬取电影: 大红灯笼高高挂 - 评分: 8.8
2025-10-30 04:34:15,212 [movie_spider] INFO: 爬取电影: 初恋这件小事 - 评分: 8.5
2025-10-30 04:34:15,213 [movie_spider] INFO: 爬取电影: 新龙门客栈 - 评分: 8.7
2025-10-30 04:34:15,214 [movie_spider] INFO: 爬取电影: 人工智能 - 评分: 8.7
2025-10-30 04:34:15,216 [movie_spider] INFO: 爬取电影: 雨人 - 评分: 8.7
2025-10-30 04:34:15,217 [movie_spider] INFO: 转到下一页: https://movie.douban.com/top250?start=225&filter=
2025-10-30 04:34:17,486 [scrapy.core.engine] DEBUG: Crawled (200) <GET https://movie.douban.com/top250?start=225&filter=> (referer: https://movie.douban.com/top250?start=200&filter=)
2025-10-30 04:34:17,591 [movie_spider] INFO: 爬取电影: 崖上的波妞 - 评分: 8.6
2025-10-30 04:34:17,591 [movie_spider] INFO: 爬取电影: 虎口脱险 - 评分: 8.9
2025-10-30 04:34:17,592 [movie_spider] INFO: 爬取电影: 千钧一发 - 评分: 8.8
2025-10-30 04:34:17,593 [movie_spider] INFO: 爬取电影: 真爱至上 - 评分: 8.5
2025-10-30 04:34:17,593 [movie_spider] INFO: 爬取电影: 罗生门 - 评分: 8.8
2025-10-30 04:34:17,593 [movie_spider] INFO: 爬取电影: 恋恋笔记本 - 评分: 8.5
2025-10-30 04:34:17,594 [movie_spider] INFO: 爬取电影: 哈利·波特与凤凰社 - 评分: 8.6
2025-10-30 04:34:17,594 [movie_spider] INFO: 爬取电影: 彗星来的那一夜 - 评分: 8.6
2025-10-30 04:34:17,595 [movie_spider] INFO: 爬取电影: 海边的曼彻斯特 - 评分: 8.6
2025-10-30 04:34:17,595 [movie_spider] INFO: 爬取电影: 火星救援 - 评分: 8.5
2025-10-30 04:34:17,595 [movie_spider] INFO: 爬取电影: 黑客帝国2：重装上阵 - 评分: 8.7
2025-10-30 04:34:17,596 [movie_spider] INFO: 爬取电影: 奇迹男孩 - 评分: 8.6
2025-10-30 04:34:17,596 [movie_spider] INFO: 爬取电影: 千年女优 - 评分: 8.8
2025-10-30 04:34:17,596 [movie_spider] INFO: 爬取电影: 战争之王 - 评分: 8.7
2025-10-30 04:34:17,597 [movie_spider] INFO: 爬取电影: 萤火虫之墓 - 评分: 8.7
2025-10-30 04:34:17,597 [movie_spider] INFO: 爬取电影: 步履不停 - 评分: 8.8
2025-10-30 04:34:17,597 [movie_spider] INFO: 爬取电影: 谍影重重2 - 评分: 8.7
2025-10-30 04:34:17,597 [movie_spider] INFO: 爬取电影: 攻壳机动队 - 评分: 9.0
2025-10-30 04:34:17,598 [movie_spider] INFO: 爬取电影: 蜘蛛侠：平行宇宙 - 评分: 8.6
2025-10-30 04:34:17,598 [movie_spider] INFO: 爬取电影: 血钻 - 评分: 8.7
2025-10-30 04:34:17,598 [movie_spider] INFO: 爬取电影: 冰雪奇缘 - 评分: 8.5
2025-10-30 04:34:17,599 [movie_spider] INFO: 爬取电影: 魂断蓝桥 - 评分: 8.8
2025-10-30 04:34:17,600 [movie_spider] INFO: 爬取电影: 房间 - 评分: 8.7
2025-10-30 04:34:17,600 [movie_spider] INFO: 爬取电影: 隐藏人物 - 评分: 8.9
2025-10-30 04:34:17,600 [movie_spider] INFO: 爬取电影: 谍影重重 - 评分: 8.6
2025-10-30 04:34:17,601 [movie_spider] INFO: 爬取完成，共获取 250 部电影
2025-10-30 04:34:17,603 [movie_spider] INFO: 成功保存 250 条数据到本地文件: movie_data/douban_top250_20251030_043417.json
2025-10-30 04:34:17,603 [movie_spider] INFO: ==================================================
2025-10-30 04:34:17,603 [movie_spider] INFO: 数据统计:
2025-10-30 04:34:17,603 [movie_spider] INFO: 总电影数: 250
2025-10-30 04:34:17,603 [movie_spider] INFO: 平均评分: 8.95
2025-10-30 04:34:17,603 [movie_spider] INFO: 评分前5的电影:
2025-10-30 04:34:17,603 [movie_spider] INFO:   1. 肖申克的救赎 - 9.7
2025-10-30 04:34:17,603 [movie_spider] INFO:   2. 霸王别姬 - 9.6
2025-10-30 04:34:17,603 [movie_spider] INFO:   3. 控方证人 - 9.6
2025-10-30 04:34:17,603 [movie_spider] INFO:   4. 茶馆 - 9.6
2025-10-30 04:34:17,603 [movie_spider] INFO:   5. 泰坦尼克号 - 9.5
2025-10-30 04:34:17,603 [movie_spider] INFO: ==================================================
2025-10-30 04:34:17,610 [movie_spider] INFO: 尝试连接HDFS端口: 9000
2025-10-30 04:34:17,610 [hdfs.client] INFO: Instantiated <InsecureClient(url='http://localhost:9000')>.
2025-10-30 04:34:17,610 [hdfs.client] INFO: Fetching status for '/'.
2025-10-30 04:34:17,610 [hdfs.client] DEBUG: Resolved path '/' to '/'.
2025-10-30 04:34:17,612 [urllib3.connectionpool] DEBUG: Starting new HTTP connection (1): localhost:9000
2025-10-30 04:34:17,612 [urllib3.connectionpool] DEBUG: http://localhost:9000 "GET /webhdfs/v1/?user.name=hadoop&op=GETFILESTATUS HTTP/1.1" 404 None
2025-10-30 04:34:17,613 [movie_spider] WARNING: 端口 9000 连接失败: b'It looks like you are making an HTTP request to a Hadoop IPC port. This is not the correct port for the web interface on this daemon.\r\n'
2025-10-30 04:34:17,613 [movie_spider] INFO: 尝试连接HDFS端口: 9870
2025-10-30 04:34:17,613 [hdfs.client] INFO: Instantiated <InsecureClient(url='http://localhost:9870')>.
2025-10-30 04:34:17,613 [hdfs.client] INFO: Fetching status for '/'.
2025-10-30 04:34:17,613 [hdfs.client] DEBUG: Resolved path '/' to '/'.
2025-10-30 04:34:17,613 [urllib3.connectionpool] DEBUG: Starting new HTTP connection (1): localhost:9870
2025-10-30 04:34:17,687 [urllib3.connectionpool] DEBUG: http://localhost:9870 "GET /webhdfs/v1/?user.name=hadoop&op=GETFILESTATUS HTTP/1.1" 200 None
2025-10-30 04:34:17,688 [hdfs.client] INFO: Creating directories to '/movie_data'.
2025-10-30 04:34:17,688 [hdfs.client] DEBUG: Resolved path '/movie_data' to '/movie_data'.
2025-10-30 04:34:17,745 [urllib3.connectionpool] DEBUG: http://localhost:9870 "PUT /webhdfs/v1/movie_data?user.name=hadoop&permission=755&op=MKDIRS HTTP/1.1" 200 None
2025-10-30 04:34:17,746 [hdfs.client] INFO: Writing to '/movie_data/douban_top250_20251030_043417.json'.
2025-10-30 04:34:17,746 [hdfs.client] DEBUG: Resolved path '/movie_data/douban_top250_20251030_043417.json' to '/movie_data/douban_top250_20251030_043417.json'.
2025-10-30 04:34:17,760 [urllib3.connectionpool] DEBUG: http://localhost:9870 "PUT /webhdfs/v1/movie_data/douban_top250_20251030_043417.json?user.name=hadoop&overwrite=True&op=CREATE HTTP/1.1" 307 0
2025-10-30 04:34:17,761 [hdfs.util] DEBUG: Instantiated <AsyncWriter(consumer=<function Client.write.<locals>.consumer at 0x7f8dc83c3700>)>.
2025-10-30 04:34:17,761 [hdfs.util] DEBUG: Starting consumer.
2025-10-30 04:34:17,761 [hdfs.util] DEBUG: Started child thread.
2025-10-30 04:34:17,770 [hdfs.util] DEBUG: Signaling child.
2025-10-30 04:34:17,770 [urllib3.connectionpool] DEBUG: Starting new HTTP connection (1): ubuntu:9864
2025-10-30 04:34:18,390 [hdfs.util] DEBUG: Finished consumer.
2025-10-30 04:34:18,390 [hdfs.util] DEBUG: Child terminated without errors.
2025-10-30 04:34:18,391 [movie_spider] INFO: ✓ 成功写入HDFS: /movie_data/douban_top250_20251030_043417.json
2025-10-30 04:34:18,391 [scrapy.core.engine] INFO: Closing spider (finished)
2025-10-30 04:34:18,392 [scrapy.statscollectors] INFO: Dumping Scrapy stats:
{'downloader/request_bytes': 3419,
 'downloader/request_count': 10,
 'downloader/request_method_count/GET': 10,
 'downloader/response_bytes': 116040,
 'downloader/response_count': 10,
 'downloader/response_status_count/200': 10,
 'elapsed_time_seconds': 20.975438,
 'finish_reason': 'finished',
 'finish_time': datetime.datetime(2025, 10, 30, 11, 34, 18, 391984, tzinfo=datetime.timezone.utc),
 'httpcompression/response_bytes': 626022,
 'httpcompression/response_count': 10,
 'log_count/INFO': 291,
 'log_count/WARNING': 2,
 'memusage/max': 58675200,
 'memusage/startup': 58675200,
 'request_depth_max': 9,
 'response_received_count': 10,
 'scheduler/dequeued': 10,
 'scheduler/dequeued/memory': 10,
 'scheduler/enqueued': 10,
 'scheduler/enqueued/memory': 10,
 'start_time': datetime.datetime(2025, 10, 30, 11, 33, 57, 416546, tzinfo=datetime.timezone.utc)}
2025-10-30 04:34:18,392 [scrapy.core.engine] INFO: Spider closed (finished)
2025-10-30 04:55:41,405 [scrapy.utils.log] INFO: Scrapy 2.11.2 started (bot: scrapybot)
2025-10-30 04:55:41,414 [scrapy.utils.log] INFO: Versions: lxml 6.0.2.0, libxml2 2.14.6, cssselect 1.2.0, parsel 1.9.1, w3lib 2.2.1, Twisted 25.5.0, Python 3.8.10 (default, Mar 18 2025, 20:04:55) - [GCC 9.4.0], pyOpenSSL 25.3.0 (OpenSSL 3.5.4 30 Sep 2025), cryptography 46.0.3, Platform Linux-5.15.0-139-generic-x86_64-with-glibc2.29
2025-10-30 04:55:41,415 [scrapy.addons] INFO: Enabled addons:
[]
2025-10-30 04:55:41,415 [py.warnings] WARNING: /home/hadoop/.local/lib/python3.8/site-packages/scrapy/utils/request.py:254: ScrapyDeprecationWarning: '2.6' is a deprecated value for the 'REQUEST_FINGERPRINTER_IMPLEMENTATION' setting.

It is also the default value. In other words, it is normal to get this warning if you have not defined a value for the 'REQUEST_FINGERPRINTER_IMPLEMENTATION' setting. This is so for backward compatibility reasons, but it will change in a future version of Scrapy.

See the documentation of the 'REQUEST_FINGERPRINTER_IMPLEMENTATION' setting for information on how to handle this deprecation.
  return cls(crawler)

2025-10-30 04:55:41,416 [scrapy.utils.log] DEBUG: Using reactor: twisted.internet.epollreactor.EPollReactor
2025-10-30 04:55:41,425 [scrapy.extensions.telnet] INFO: Telnet Password: d43b96b253ed6abe
2025-10-30 04:55:41,456 [scrapy.middleware] INFO: Enabled extensions:
['scrapy.extensions.corestats.CoreStats',
 'scrapy.extensions.telnet.TelnetConsole',
 'scrapy.extensions.memusage.MemoryUsage',
 'scrapy.extensions.logstats.LogStats']
2025-10-30 04:55:41,456 [scrapy.crawler] INFO: Overridden settings:
{'CONCURRENT_REQUESTS_PER_DOMAIN': 1,
 'DOWNLOAD_DELAY': 2,
 'LOG_LEVEL': 'INFO',
 'USER_AGENT': 'Mozilla/5.0 (Windows NT 10.0; Win64; x64) AppleWebKit/537.36'}
2025-10-30 04:55:41,529 [scrapy.middleware] INFO: Enabled downloader middlewares:
['scrapy.downloadermiddlewares.offsite.OffsiteMiddleware',
 'scrapy.downloadermiddlewares.httpauth.HttpAuthMiddleware',
 'scrapy.downloadermiddlewares.downloadtimeout.DownloadTimeoutMiddleware',
 'scrapy.downloadermiddlewares.defaultheaders.DefaultHeadersMiddleware',
 'scrapy.downloadermiddlewares.useragent.UserAgentMiddleware',
 'scrapy.downloadermiddlewares.retry.RetryMiddleware',
 'scrapy.downloadermiddlewares.redirect.MetaRefreshMiddleware',
 'scrapy.downloadermiddlewares.httpcompression.HttpCompressionMiddleware',
 'scrapy.downloadermiddlewares.redirect.RedirectMiddleware',
 'scrapy.downloadermiddlewares.cookies.CookiesMiddleware',
 'scrapy.downloadermiddlewares.httpproxy.HttpProxyMiddleware',
 'scrapy.downloadermiddlewares.stats.DownloaderStats']
2025-10-30 04:55:41,531 [scrapy.middleware] INFO: Enabled spider middlewares:
['scrapy.spidermiddlewares.httperror.HttpErrorMiddleware',
 'scrapy.spidermiddlewares.referer.RefererMiddleware',
 'scrapy.spidermiddlewares.urllength.UrlLengthMiddleware',
 'scrapy.spidermiddlewares.depth.DepthMiddleware']
2025-10-30 04:55:41,531 [scrapy.middleware] INFO: Enabled item pipelines:
[]
2025-10-30 04:55:41,532 [scrapy.core.engine] INFO: Spider opened
2025-10-30 04:55:41,544 [scrapy.extensions.logstats] INFO: Crawled 0 pages (at 0 pages/min), scraped 0 items (at 0 items/min)
2025-10-30 04:55:41,545 [scrapy.extensions.telnet] INFO: Telnet console listening on 127.0.0.1:6023
2025-10-30 04:55:41,767 [scrapy.core.engine] DEBUG: Crawled (200) <GET https://movie.douban.com/top250> (referer: https://movie.douban.com/)
2025-10-30 04:55:41,877 [movie_spider] INFO: 爬取电影: 肖申克的救赎 - 评分: 9.7
2025-10-30 04:55:41,878 [movie_spider] INFO: 爬取电影: 霸王别姬 - 评分: 9.6
2025-10-30 04:55:41,879 [movie_spider] INFO: 爬取电影: 泰坦尼克号 - 评分: 9.5
2025-10-30 04:55:41,879 [movie_spider] INFO: 爬取电影: 阿甘正传 - 评分: 9.5
2025-10-30 04:55:41,880 [movie_spider] INFO: 爬取电影: 千与千寻 - 评分: 9.4
2025-10-30 04:55:41,880 [movie_spider] INFO: 爬取电影: 美丽人生 - 评分: 9.5
2025-10-30 04:55:41,881 [movie_spider] INFO: 爬取电影: 星际穿越 - 评分: 9.4
2025-10-30 04:55:41,881 [movie_spider] INFO: 爬取电影: 这个杀手不太冷 - 评分: 9.4
2025-10-30 04:55:41,881 [movie_spider] INFO: 爬取电影: 盗梦空间 - 评分: 9.4
2025-10-30 04:55:41,882 [movie_spider] INFO: 爬取电影: 楚门的世界 - 评分: 9.4
2025-10-30 04:55:41,882 [movie_spider] INFO: 爬取电影: 辛德勒的名单 - 评分: 9.5
2025-10-30 04:55:41,883 [movie_spider] INFO: 爬取电影: 忠犬八公的故事 - 评分: 9.4
2025-10-30 04:55:41,883 [movie_spider] INFO: 爬取电影: 海上钢琴师 - 评分: 9.3
2025-10-30 04:55:41,884 [movie_spider] INFO: 爬取电影: 疯狂动物城 - 评分: 9.2
2025-10-30 04:55:41,884 [movie_spider] INFO: 爬取电影: 三傻大闹宝莱坞 - 评分: 9.2
2025-10-30 04:55:41,884 [movie_spider] INFO: 爬取电影: 机器人总动员 - 评分: 9.3
2025-10-30 04:55:41,885 [movie_spider] INFO: 爬取电影: 放牛班的春天 - 评分: 9.3
2025-10-30 04:55:41,885 [movie_spider] INFO: 爬取电影: 无间道 - 评分: 9.3
2025-10-30 04:55:41,886 [movie_spider] INFO: 爬取电影: 控方证人 - 评分: 9.6
2025-10-30 04:55:41,886 [movie_spider] INFO: 爬取电影: 大话西游之大圣娶亲 - 评分: 9.2
2025-10-30 04:55:41,887 [movie_spider] INFO: 爬取电影: 熔炉 - 评分: 9.3
2025-10-30 04:55:41,887 [movie_spider] INFO: 爬取电影: 触不可及 - 评分: 9.3
2025-10-30 04:55:41,888 [movie_spider] INFO: 爬取电影: 寻梦环游记 - 评分: 9.1
2025-10-30 04:55:41,889 [movie_spider] INFO: 爬取电影: 教父 - 评分: 9.3
2025-10-30 04:55:41,889 [movie_spider] INFO: 爬取电影: 当幸福来敲门 - 评分: 9.1
2025-10-30 04:55:41,890 [movie_spider] INFO: 转到下一页: https://movie.douban.com/top250?start=25&filter=
2025-10-30 04:55:44,487 [scrapy.core.engine] DEBUG: Crawled (200) <GET https://movie.douban.com/top250?start=25&filter=> (referer: https://movie.douban.com/top250)
2025-10-30 04:55:44,591 [movie_spider] INFO: 爬取电影: 末代皇帝 - 评分: 9.3
2025-10-30 04:55:44,592 [movie_spider] INFO: 爬取电影: 哈利·波特与魔法石 - 评分: 9.2
2025-10-30 04:55:44,592 [movie_spider] INFO: 爬取电影: 龙猫 - 评分: 9.2
2025-10-30 04:55:44,593 [movie_spider] INFO: 爬取电影: 活着 - 评分: 9.3
2025-10-30 04:55:44,593 [movie_spider] INFO: 爬取电影: 怦然心动 - 评分: 9.1
2025-10-30 04:55:44,594 [movie_spider] INFO: 爬取电影: 蝙蝠侠：黑暗骑士 - 评分: 9.2
2025-10-30 04:55:44,594 [movie_spider] INFO: 爬取电影: 指环王3：王者无敌 - 评分: 9.3
2025-10-30 04:55:44,594 [movie_spider] INFO: 爬取电影: 我不是药神 - 评分: 9.0
2025-10-30 04:55:44,594 [movie_spider] INFO: 爬取电影: 乱世佳人 - 评分: 9.3
2025-10-30 04:55:44,595 [movie_spider] INFO: 爬取电影: 飞屋环游记 - 评分: 9.1
2025-10-30 04:55:44,595 [movie_spider] INFO: 爬取电影: 让子弹飞 - 评分: 9.0
2025-10-30 04:55:44,595 [movie_spider] INFO: 爬取电影: 哈尔的移动城堡 - 评分: 9.1
2025-10-30 04:55:44,596 [movie_spider] INFO: 爬取电影: 十二怒汉 - 评分: 9.4
2025-10-30 04:55:44,596 [movie_spider] INFO: 爬取电影: 素媛 - 评分: 9.3
2025-10-30 04:55:44,597 [movie_spider] INFO: 爬取电影: 海蒂和爷爷 - 评分: 9.3
2025-10-30 04:55:44,597 [movie_spider] INFO: 爬取电影: 猫鼠游戏 - 评分: 9.1
2025-10-30 04:55:44,597 [movie_spider] INFO: 爬取电影: 天空之城 - 评分: 9.2
2025-10-30 04:55:44,598 [movie_spider] INFO: 爬取电影: 鬼子来了 - 评分: 9.3
2025-10-30 04:55:44,598 [movie_spider] INFO: 爬取电影: 摔跤吧！爸爸 - 评分: 9.0
2025-10-30 04:55:44,598 [movie_spider] INFO: 爬取电影: 少年派的奇幻漂流 - 评分: 9.1
2025-10-30 04:55:44,599 [movie_spider] INFO: 爬取电影: 钢琴家 - 评分: 9.3
2025-10-30 04:55:44,600 [movie_spider] INFO: 爬取电影: 指环王2：双塔奇兵 - 评分: 9.2
2025-10-30 04:55:44,600 [movie_spider] INFO: 爬取电影: 死亡诗社 - 评分: 9.2
2025-10-30 04:55:44,601 [movie_spider] INFO: 爬取电影: 大话西游之月光宝盒 - 评分: 9.0
2025-10-30 04:55:44,601 [movie_spider] INFO: 爬取电影: 何以为家 - 评分: 9.1
2025-10-30 04:55:44,602 [movie_spider] INFO: 转到下一页: https://movie.douban.com/top250?start=50&filter=
2025-10-30 04:55:47,363 [scrapy.core.engine] DEBUG: Crawled (200) <GET https://movie.douban.com/top250?start=50&filter=> (referer: https://movie.douban.com/top250?start=25&filter=)
2025-10-30 04:55:47,468 [movie_spider] INFO: 爬取电影: 闻香识女人 - 评分: 9.1
2025-10-30 04:55:47,468 [movie_spider] INFO: 爬取电影: 绿皮书 - 评分: 8.9
2025-10-30 04:55:47,469 [movie_spider] INFO: 爬取电影: 大闹天宫 - 评分: 9.4
2025-10-30 04:55:47,469 [movie_spider] INFO: 爬取电影: 黑客帝国 - 评分: 9.1
2025-10-30 04:55:47,470 [movie_spider] INFO: 爬取电影: 指环王1：护戒使者 - 评分: 9.1
2025-10-30 04:55:47,470 [movie_spider] INFO: 爬取电影: 罗马假日 - 评分: 9.1
2025-10-30 04:55:47,470 [movie_spider] INFO: 爬取电影: 教父2 - 评分: 9.3
2025-10-30 04:55:47,471 [movie_spider] INFO: 爬取电影: 狮子王 - 评分: 9.1
2025-10-30 04:55:47,471 [movie_spider] INFO: 爬取电影: 天堂电影院 - 评分: 9.2
2025-10-30 04:55:47,471 [movie_spider] INFO: 爬取电影: 饮食男女 - 评分: 9.2
2025-10-30 04:55:47,472 [movie_spider] INFO: 爬取电影: 辩护人 - 评分: 9.2
2025-10-30 04:55:47,472 [movie_spider] INFO: 爬取电影: 本杰明·巴顿奇事 - 评分: 9.0
2025-10-30 04:55:47,472 [movie_spider] INFO: 爬取电影: 搏击俱乐部 - 评分: 9.0
2025-10-30 04:55:47,473 [movie_spider] INFO: 爬取电影: 美丽心灵 - 评分: 9.1
2025-10-30 04:55:47,473 [movie_spider] INFO: 爬取电影: 穿条纹睡衣的男孩 - 评分: 9.2
2025-10-30 04:55:47,473 [movie_spider] INFO: 爬取电影: 情书 - 评分: 8.9
2025-10-30 04:55:47,473 [movie_spider] INFO: 爬取电影: 哈利·波特与死亡圣器(下) - 评分: 9.0
2025-10-30 04:55:47,474 [movie_spider] INFO: 爬取电影: 两杆大烟枪 - 评分: 9.1
2025-10-30 04:55:47,474 [movie_spider] INFO: 爬取电影: 窃听风暴 - 评分: 9.2
2025-10-30 04:55:47,474 [movie_spider] INFO: 爬取电影: 音乐之声 - 评分: 9.1
2025-10-30 04:55:47,475 [movie_spider] INFO: 爬取电影: 功夫 - 评分: 8.9
2025-10-30 04:55:47,475 [movie_spider] INFO: 爬取电影: 西西里的美丽传说 - 评分: 8.9
2025-10-30 04:55:47,475 [movie_spider] INFO: 爬取电影: 哈利·波特与阿兹卡班的囚徒 - 评分: 9.0
2025-10-30 04:55:47,476 [movie_spider] INFO: 爬取电影: 阿凡达 - 评分: 8.8
2025-10-30 04:55:47,476 [movie_spider] INFO: 爬取电影: 看不见的客人 - 评分: 8.8
2025-10-30 04:55:47,477 [movie_spider] INFO: 转到下一页: https://movie.douban.com/top250?start=75&filter=
2025-10-30 04:55:49,753 [scrapy.core.engine] DEBUG: Crawled (200) <GET https://movie.douban.com/top250?start=75&filter=> (referer: https://movie.douban.com/top250?start=50&filter=)
2025-10-30 04:55:49,858 [movie_spider] INFO: 爬取电影: 拯救大兵瑞恩 - 评分: 9.1
2025-10-30 04:55:49,859 [movie_spider] INFO: 爬取电影: 沉默的羔羊 - 评分: 8.9
2025-10-30 04:55:49,859 [movie_spider] INFO: 爬取电影: 小鞋子 - 评分: 9.2
2025-10-30 04:55:49,860 [movie_spider] INFO: 爬取电影: 飞越疯人院 - 评分: 9.1
2025-10-30 04:55:49,860 [movie_spider] INFO: 爬取电影: 布达佩斯大饭店 - 评分: 8.9
2025-10-30 04:55:49,861 [movie_spider] INFO: 爬取电影: 蝴蝶效应 - 评分: 8.9
2025-10-30 04:55:49,862 [movie_spider] INFO: 爬取电影: 禁闭岛 - 评分: 8.9
2025-10-30 04:55:49,862 [movie_spider] INFO: 爬取电影: 心灵捕手 - 评分: 9.0
2025-10-30 04:55:49,862 [movie_spider] INFO: 爬取电影: 致命魔术 - 评分: 8.9
2025-10-30 04:55:49,863 [movie_spider] INFO: 爬取电影: 低俗小说 - 评分: 8.9
2025-10-30 04:55:49,863 [movie_spider] INFO: 爬取电影: 超脱 - 评分: 9.0
2025-10-30 04:55:49,864 [movie_spider] INFO: 爬取电影: 哈利·波特与密室 - 评分: 8.9
2025-10-30 04:55:49,864 [movie_spider] INFO: 爬取电影: 还有明天 - 评分: 9.3
2025-10-30 04:55:49,864 [movie_spider] INFO: 爬取电影: 喜剧之王 - 评分: 8.8
2025-10-30 04:55:49,865 [movie_spider] INFO: 爬取电影: 摩登时代 - 评分: 9.3
2025-10-30 04:55:49,865 [movie_spider] INFO: 爬取电影: 一一 - 评分: 9.1
2025-10-30 04:55:49,865 [movie_spider] INFO: 爬取电影: 杀人回忆 - 评分: 8.9
2025-10-30 04:55:49,866 [movie_spider] INFO: 爬取电影: 致命ID - 评分: 8.9
2025-10-30 04:55:49,866 [movie_spider] INFO: 爬取电影: 春光乍泄 - 评分: 9.0
2025-10-30 04:55:49,866 [movie_spider] INFO: 爬取电影: 海豚湾 - 评分: 9.3
2025-10-30 04:55:49,866 [movie_spider] INFO: 爬取电影: 加勒比海盗 - 评分: 8.8
2025-10-30 04:55:49,867 [movie_spider] INFO: 爬取电影: 美国往事 - 评分: 9.1
2025-10-30 04:55:49,867 [movie_spider] INFO: 爬取电影: 红辣椒 - 评分: 9.0
2025-10-30 04:55:49,868 [movie_spider] INFO: 爬取电影: 七宗罪 - 评分: 8.8
2025-10-30 04:55:49,869 [movie_spider] INFO: 爬取电影: 唐伯虎点秋香 - 评分: 8.8
2025-10-30 04:55:49,869 [movie_spider] INFO: 转到下一页: https://movie.douban.com/top250?start=100&filter=
2025-10-30 04:55:52,159 [scrapy.core.engine] DEBUG: Crawled (200) <GET https://movie.douban.com/top250?start=100&filter=> (referer: https://movie.douban.com/top250?start=75&filter=)
2025-10-30 04:55:52,264 [movie_spider] INFO: 爬取电影: 狩猎 - 评分: 9.1
2025-10-30 04:55:52,264 [movie_spider] INFO: 爬取电影: 幽灵公主 - 评分: 8.9
2025-10-30 04:55:52,265 [movie_spider] INFO: 爬取电影: 甜蜜蜜 - 评分: 8.9
2025-10-30 04:55:52,265 [movie_spider] INFO: 爬取电影: 蝙蝠侠：黑暗骑士崛起 - 评分: 8.9
2025-10-30 04:55:52,266 [movie_spider] INFO: 爬取电影: 寄生虫 - 评分: 8.8
2025-10-30 04:55:52,266 [movie_spider] INFO: 爬取电影: 天书奇谭 - 评分: 9.2
2025-10-30 04:55:52,267 [movie_spider] INFO: 爬取电影: 7号房的礼物 - 评分: 8.9
2025-10-30 04:55:52,267 [movie_spider] INFO: 爬取电影: 超能陆战队 - 评分: 8.8
2025-10-30 04:55:52,267 [movie_spider] INFO: 爬取电影: 爱在黎明破晓前 - 评分: 8.8
2025-10-30 04:55:52,268 [movie_spider] INFO: 爬取电影: 第六感 - 评分: 8.9
2025-10-30 04:55:52,268 [movie_spider] INFO: 爬取电影: 爱在日落黄昏时 - 评分: 8.9
2025-10-30 04:55:52,268 [movie_spider] INFO: 爬取电影: 被嫌弃的松子的一生 - 评分: 8.8
2025-10-30 04:55:52,269 [movie_spider] INFO: 爬取电影: 重庆森林 - 评分: 8.8
2025-10-30 04:55:52,269 [movie_spider] INFO: 爬取电影: 茶馆 - 评分: 9.6
2025-10-30 04:55:52,270 [movie_spider] INFO: 爬取电影: 未麻的部屋 - 评分: 9.1
2025-10-30 04:55:52,271 [movie_spider] INFO: 爬取电影: 哈利·波特与火焰杯 - 评分: 8.8
2025-10-30 04:55:52,271 [movie_spider] INFO: 爬取电影: 入殓师 - 评分: 8.9
2025-10-30 04:55:52,272 [movie_spider] INFO: 爬取电影: 借东西的小人阿莉埃蒂 - 评分: 8.9
2025-10-30 04:55:52,272 [movie_spider] INFO: 爬取电影: 头脑特工队 - 评分: 8.8
2025-10-30 04:55:52,273 [movie_spider] INFO: 爬取电影: 菊次郎的夏天 - 评分: 8.9
2025-10-30 04:55:52,273 [movie_spider] INFO: 爬取电影: 剪刀手爱德华 - 评分: 8.7
2025-10-30 04:55:52,273 [movie_spider] INFO: 爬取电影: 断背山 - 评分: 8.8
2025-10-30 04:55:52,274 [movie_spider] INFO: 爬取电影: 勇敢的心 - 评分: 8.9
2025-10-30 04:55:52,274 [movie_spider] INFO: 爬取电影: 时空恋旅人 - 评分: 8.8
2025-10-30 04:55:52,275 [movie_spider] INFO: 爬取电影: 消失的爱人 - 评分: 8.7
2025-10-30 04:55:52,275 [movie_spider] INFO: 转到下一页: https://movie.douban.com/top250?start=125&filter=
2025-10-30 04:55:53,294 [scrapy.core.engine] DEBUG: Crawled (200) <GET https://movie.douban.com/top250?start=125&filter=> (referer: https://movie.douban.com/top250?start=100&filter=)
2025-10-30 04:55:53,400 [movie_spider] INFO: 爬取电影: 无人知晓 - 评分: 9.1
2025-10-30 04:55:53,403 [movie_spider] INFO: 爬取电影: 倩女幽魂 - 评分: 8.8
2025-10-30 04:55:53,403 [movie_spider] INFO: 爬取电影: 驯龙高手 - 评分: 8.8
2025-10-30 04:55:53,404 [movie_spider] INFO: 爬取电影: 花样年华 - 评分: 8.8
2025-10-30 04:55:53,404 [movie_spider] INFO: 爬取电影: 傲慢与偏见 - 评分: 8.7
2025-10-30 04:55:53,404 [movie_spider] INFO: 爬取电影: 完美的世界 - 评分: 9.1
2025-10-30 04:55:53,405 [movie_spider] INFO: 爬取电影: 新世界 - 评分: 8.9
2025-10-30 04:55:53,405 [movie_spider] INFO: 爬取电影: 阳光灿烂的日子 - 评分: 8.8
2025-10-30 04:55:53,405 [movie_spider] INFO: 爬取电影: 小森林 夏秋篇 - 评分: 9.0
2025-10-30 04:55:53,405 [movie_spider] INFO: 爬取电影: 一个叫欧维的男人决定去死 - 评分: 8.9
2025-10-30 04:55:53,406 [movie_spider] INFO: 爬取电影: 天使爱美丽 - 评分: 8.7
2025-10-30 04:55:53,406 [movie_spider] INFO: 爬取电影: 玩具总动员3 - 评分: 8.9
2025-10-30 04:55:53,406 [movie_spider] INFO: 爬取电影: 怪兽电力公司 - 评分: 8.8
2025-10-30 04:55:53,407 [movie_spider] INFO: 爬取电影: 色，戒 - 评分: 8.7
2025-10-30 04:55:53,407 [movie_spider] INFO: 爬取电影: 侧耳倾听 - 评分: 8.9
2025-10-30 04:55:53,408 [movie_spider] INFO: 爬取电影: 教父3 - 评分: 9.0
2025-10-30 04:55:53,408 [movie_spider] INFO: 爬取电影: 请以你的名字呼唤我 - 评分: 8.8
2025-10-30 04:55:53,408 [movie_spider] INFO: 爬取电影: 哪吒闹海 - 评分: 9.2
2025-10-30 04:55:53,408 [movie_spider] INFO: 爬取电影: 幸福终点站 - 评分: 8.8
2025-10-30 04:55:53,409 [movie_spider] INFO: 爬取电影: 九品芝麻官 - 评分: 8.8
2025-10-30 04:55:53,409 [movie_spider] INFO: 爬取电影: 被解救的姜戈 - 评分: 8.8
2025-10-30 04:55:53,410 [movie_spider] INFO: 爬取电影: 釜山行 - 评分: 8.6
2025-10-30 04:55:53,410 [movie_spider] INFO: 爬取电影: 小森林 冬春篇 - 评分: 9.0
2025-10-30 04:55:53,410 [movie_spider] INFO: 爬取电影: 神偷奶爸 - 评分: 8.7
2025-10-30 04:55:53,411 [movie_spider] INFO: 爬取电影: 萤火之森 - 评分: 8.8
2025-10-30 04:55:53,411 [movie_spider] INFO: 转到下一页: https://movie.douban.com/top250?start=150&filter=
2025-10-30 04:55:56,164 [scrapy.core.engine] DEBUG: Crawled (200) <GET https://movie.douban.com/top250?start=150&filter=> (referer: https://movie.douban.com/top250?start=125&filter=)
2025-10-30 04:55:56,268 [movie_spider] INFO: 爬取电影: 喜宴 - 评分: 9.0
2025-10-30 04:55:56,269 [movie_spider] INFO: 爬取电影: 告白 - 评分: 8.8
2025-10-30 04:55:56,269 [movie_spider] INFO: 爬取电影: 玛丽和麦克斯 - 评分: 9.0
2025-10-30 04:55:56,270 [movie_spider] INFO: 爬取电影: 七武士 - 评分: 9.3
2025-10-30 04:55:56,270 [movie_spider] INFO: 爬取电影: 头号玩家 - 评分: 8.6
2025-10-30 04:55:56,271 [movie_spider] INFO: 爬取电影: 模仿游戏 - 评分: 8.8
2025-10-30 04:55:56,271 [movie_spider] INFO: 爬取电影: 大鱼 - 评分: 8.8
2025-10-30 04:55:56,271 [movie_spider] INFO: 爬取电影: 惊魂记 - 评分: 9.0
2025-10-30 04:55:56,272 [movie_spider] INFO: 爬取电影: 射雕英雄传之东成西就 - 评分: 8.7
2025-10-30 04:55:56,272 [movie_spider] INFO: 爬取电影: 血战钢锯岭 - 评分: 8.7
2025-10-30 04:55:56,272 [movie_spider] INFO: 爬取电影: 你的名字。 - 评分: 8.5
2025-10-30 04:55:56,272 [movie_spider] INFO: 爬取电影: 我是山姆 - 评分: 9.0
2025-10-30 04:55:56,273 [movie_spider] INFO: 爬取电影: 阳光姐妹淘 - 评分: 8.8
2025-10-30 04:55:56,273 [movie_spider] INFO: 爬取电影: 背靠背，脸对脸 - 评分: 9.5
2025-10-30 04:55:56,273 [movie_spider] INFO: 爬取电影: 心灵奇旅 - 评分: 8.7
2025-10-30 04:55:56,273 [movie_spider] INFO: 爬取电影: 恐怖直播 - 评分: 8.7
2025-10-30 04:55:56,274 [movie_spider] INFO: 爬取电影: 黑客帝国3：矩阵革命 - 评分: 8.8
2025-10-30 04:55:56,274 [movie_spider] INFO: 爬取电影: 电锯惊魂 - 评分: 8.7
2025-10-30 04:55:56,274 [movie_spider] INFO: 爬取电影: 三块广告牌 - 评分: 8.7
2025-10-30 04:55:56,275 [movie_spider] INFO: 爬取电影: 小丑 - 评分: 8.7
2025-10-30 04:55:56,275 [movie_spider] INFO: 爬取电影: 谍影重重3 - 评分: 8.9
2025-10-30 04:55:56,275 [movie_spider] INFO: 爬取电影: 达拉斯买家俱乐部 - 评分: 8.8
2025-10-30 04:55:56,275 [movie_spider] INFO: 爬取电影: 疯狂原始人 - 评分: 8.7
2025-10-30 04:55:56,276 [movie_spider] INFO: 爬取电影: 无间道2 - 评分: 8.8
2025-10-30 04:55:56,276 [movie_spider] INFO: 爬取电影: 末路狂花 - 评分: 9.0
2025-10-30 04:55:56,276 [movie_spider] INFO: 转到下一页: https://movie.douban.com/top250?start=175&filter=
2025-10-30 04:55:58,705 [scrapy.core.engine] DEBUG: Crawled (200) <GET https://movie.douban.com/top250?start=175&filter=> (referer: https://movie.douban.com/top250?start=150&filter=)
2025-10-30 04:55:58,809 [movie_spider] INFO: 爬取电影: 绿里奇迹 - 评分: 8.9
2025-10-30 04:55:58,810 [movie_spider] INFO: 爬取电影: 爱在午夜降临前 - 评分: 8.9
2025-10-30 04:55:58,810 [movie_spider] INFO: 爬取电影: 海街日记 - 评分: 8.8
2025-10-30 04:55:58,811 [movie_spider] INFO: 爬取电影: 高山下的花环 - 评分: 9.5
2025-10-30 04:55:58,811 [movie_spider] INFO: 爬取电影: 疯狂的石头 - 评分: 8.6
2025-10-30 04:55:58,812 [movie_spider] INFO: 爬取电影: 风之谷 - 评分: 8.9
2025-10-30 04:55:58,812 [movie_spider] INFO: 爬取电影: 上帝之城 - 评分: 9.0
2025-10-30 04:55:58,813 [movie_spider] INFO: 爬取电影: 雨中曲 - 评分: 9.1
2025-10-30 04:55:58,813 [movie_spider] INFO: 爬取电影: 2001太空漫游 - 评分: 8.9
2025-10-30 04:55:58,813 [movie_spider] INFO: 爬取电影: 英雄本色 - 评分: 8.6
2025-10-30 04:55:58,813 [movie_spider] INFO: 爬取电影: 心迷宫 - 评分: 8.7
2025-10-30 04:55:58,814 [movie_spider] INFO: 爬取电影: 记忆碎片 - 评分: 8.7
2025-10-30 04:55:58,814 [movie_spider] INFO: 爬取电影: 纵横四海 - 评分: 8.8
2025-10-30 04:55:58,815 [movie_spider] INFO: 爬取电影: 机器人之梦 - 评分: 9.1
2025-10-30 04:55:58,815 [movie_spider] INFO: 爬取电影: 卢旺达饭店 - 评分: 8.9
2025-10-30 04:55:58,815 [movie_spider] INFO: 爬取电影: 无敌破坏王 - 评分: 8.7
2025-10-30 04:55:58,816 [movie_spider] INFO: 爬取电影: 小偷家族 - 评分: 8.7
2025-10-30 04:55:58,816 [movie_spider] INFO: 爬取电影: 恐怖游轮 - 评分: 8.5
2025-10-30 04:55:58,817 [movie_spider] INFO: 爬取电影: 冰川时代 - 评分: 8.7
2025-10-30 04:55:58,817 [movie_spider] INFO: 爬取电影: 牯岭街少年杀人事件 - 评分: 8.9
2025-10-30 04:55:58,817 [movie_spider] INFO: 爬取电影: 东京教父 - 评分: 9.0
2025-10-30 04:55:58,818 [movie_spider] INFO: 爬取电影: 魔女宅急便 - 评分: 8.7
2025-10-30 04:55:58,818 [movie_spider] INFO: 爬取电影: 岁月神偷 - 评分: 8.7
2025-10-30 04:55:58,819 [movie_spider] INFO: 爬取电影: 忠犬八公物语 - 评分: 9.2
2025-10-30 04:55:58,820 [movie_spider] INFO: 爬取电影: 芙蓉镇 - 评分: 9.3
2025-10-30 04:55:58,821 [movie_spider] INFO: 转到下一页: https://movie.douban.com/top250?start=200&filter=
2025-10-30 04:56:01,017 [scrapy.core.engine] DEBUG: Crawled (200) <GET https://movie.douban.com/top250?start=200&filter=> (referer: https://movie.douban.com/top250?start=175&filter=)
2025-10-30 04:56:01,122 [movie_spider] INFO: 爬取电影: 荒蛮故事 - 评分: 8.7
2025-10-30 04:56:01,122 [movie_spider] INFO: 爬取电影: 遗愿清单 - 评分: 8.7
2025-10-30 04:56:01,123 [movie_spider] INFO: 爬取电影: 大佛普拉斯 - 评分: 8.7
2025-10-30 04:56:01,123 [movie_spider] INFO: 爬取电影: 源代码 - 评分: 8.6
2025-10-30 04:56:01,123 [movie_spider] INFO: 爬取电影: 贫民窟的百万富翁 - 评分: 8.6
2025-10-30 04:56:01,124 [movie_spider] INFO: 爬取电影: 疯狂的麦克斯4：狂暴之路 - 评分: 8.7
2025-10-30 04:56:01,124 [movie_spider] INFO: 爬取电影: 你看起来好像很好吃 - 评分: 8.9
2025-10-30 04:56:01,124 [movie_spider] INFO: 爬取电影: 可可西里 - 评分: 8.9
2025-10-30 04:56:01,125 [movie_spider] INFO: 爬取电影: 花束般的恋爱 - 评分: 8.6
2025-10-30 04:56:01,126 [movie_spider] INFO: 爬取电影: 东邪西毒 - 评分: 8.6
2025-10-30 04:56:01,126 [movie_spider] INFO: 爬取电影: 城市之光 - 评分: 9.3
2025-10-30 04:56:01,126 [movie_spider] INFO: 爬取电影: 波西米亚狂想曲 - 评分: 8.6
2025-10-30 04:56:01,126 [movie_spider] INFO: 爬取电影: 爆裂鼓手 - 评分: 8.6
2025-10-30 04:56:01,127 [movie_spider] INFO: 爬取电影: 白日梦想家 - 评分: 8.6
2025-10-30 04:56:01,127 [movie_spider] INFO: 爬取电影: 青蛇 - 评分: 8.6
2025-10-30 04:56:01,127 [movie_spider] INFO: 爬取电影: 爱乐之城 - 评分: 8.4
2025-10-30 04:56:01,128 [movie_spider] INFO: 爬取电影: 哈利·波特与死亡圣器(上) - 评分: 8.6
2025-10-30 04:56:01,128 [movie_spider] INFO: 爬取电影: 黑天鹅 - 评分: 8.6
2025-10-30 04:56:01,128 [movie_spider] INFO: 爬取电影: 终结者2：审判日 - 评分: 8.8
2025-10-30 04:56:01,129 [movie_spider] INFO: 爬取电影: 无耻混蛋 - 评分: 8.7
2025-10-30 04:56:01,129 [movie_spider] INFO: 爬取电影: 大红灯笼高高挂 - 评分: 8.8
2025-10-30 04:56:01,129 [movie_spider] INFO: 爬取电影: 初恋这件小事 - 评分: 8.5
2025-10-30 04:56:01,130 [movie_spider] INFO: 爬取电影: 新龙门客栈 - 评分: 8.7
2025-10-30 04:56:01,130 [movie_spider] INFO: 爬取电影: 人工智能 - 评分: 8.7
2025-10-30 04:56:01,130 [movie_spider] INFO: 爬取电影: 雨人 - 评分: 8.7
2025-10-30 04:56:01,131 [movie_spider] INFO: 转到下一页: https://movie.douban.com/top250?start=225&filter=
2025-10-30 04:56:02,873 [scrapy.core.engine] DEBUG: Crawled (200) <GET https://movie.douban.com/top250?start=225&filter=> (referer: https://movie.douban.com/top250?start=200&filter=)
2025-10-30 04:56:02,976 [movie_spider] INFO: 爬取电影: 崖上的波妞 - 评分: 8.6
2025-10-30 04:56:02,977 [movie_spider] INFO: 爬取电影: 虎口脱险 - 评分: 8.9
2025-10-30 04:56:02,977 [movie_spider] INFO: 爬取电影: 千钧一发 - 评分: 8.8
2025-10-30 04:56:02,978 [movie_spider] INFO: 爬取电影: 真爱至上 - 评分: 8.5
2025-10-30 04:56:02,978 [movie_spider] INFO: 爬取电影: 罗生门 - 评分: 8.8
2025-10-30 04:56:02,978 [movie_spider] INFO: 爬取电影: 恋恋笔记本 - 评分: 8.5
2025-10-30 04:56:02,978 [movie_spider] INFO: 爬取电影: 哈利·波特与凤凰社 - 评分: 8.6
2025-10-30 04:56:02,979 [movie_spider] INFO: 爬取电影: 彗星来的那一夜 - 评分: 8.6
2025-10-30 04:56:02,979 [movie_spider] INFO: 爬取电影: 海边的曼彻斯特 - 评分: 8.6
2025-10-30 04:56:02,979 [movie_spider] INFO: 爬取电影: 火星救援 - 评分: 8.5
2025-10-30 04:56:02,980 [movie_spider] INFO: 爬取电影: 黑客帝国2：重装上阵 - 评分: 8.7
2025-10-30 04:56:02,980 [movie_spider] INFO: 爬取电影: 奇迹男孩 - 评分: 8.6
2025-10-30 04:56:02,980 [movie_spider] INFO: 爬取电影: 千年女优 - 评分: 8.8
2025-10-30 04:56:02,980 [movie_spider] INFO: 爬取电影: 战争之王 - 评分: 8.7
2025-10-30 04:56:02,981 [movie_spider] INFO: 爬取电影: 萤火虫之墓 - 评分: 8.7
2025-10-30 04:56:02,981 [movie_spider] INFO: 爬取电影: 步履不停 - 评分: 8.8
2025-10-30 04:56:02,981 [movie_spider] INFO: 爬取电影: 谍影重重2 - 评分: 8.7
2025-10-30 04:56:02,981 [movie_spider] INFO: 爬取电影: 攻壳机动队 - 评分: 9.0
2025-10-30 04:56:02,982 [movie_spider] INFO: 爬取电影: 蜘蛛侠：平行宇宙 - 评分: 8.6
2025-10-30 04:56:02,982 [movie_spider] INFO: 爬取电影: 血钻 - 评分: 8.7
2025-10-30 04:56:02,982 [movie_spider] INFO: 爬取电影: 冰雪奇缘 - 评分: 8.5
2025-10-30 04:56:02,982 [movie_spider] INFO: 爬取电影: 魂断蓝桥 - 评分: 8.8
2025-10-30 04:56:02,983 [movie_spider] INFO: 爬取电影: 房间 - 评分: 8.7
2025-10-30 04:56:02,983 [movie_spider] INFO: 爬取电影: 隐藏人物 - 评分: 8.9
2025-10-30 04:56:02,983 [movie_spider] INFO: 爬取电影: 谍影重重 - 评分: 8.6
2025-10-30 04:56:02,983 [movie_spider] INFO: 爬取完成，共获取 250 部电影
2025-10-30 04:56:02,985 [movie_spider] INFO: 成功保存 250 条数据到本地文件: movie_data/douban_top250_20251030_045602.json
2025-10-30 04:56:02,985 [movie_spider] INFO: ==================================================
2025-10-30 04:56:02,985 [movie_spider] INFO: 数据统计:
2025-10-30 04:56:02,985 [movie_spider] INFO: 总电影数: 250
2025-10-30 04:56:02,985 [movie_spider] INFO: 平均评分: 8.95
2025-10-30 04:56:02,985 [movie_spider] INFO: 评分前5的电影:
2025-10-30 04:56:02,986 [movie_spider] INFO:   1. 肖申克的救赎 - 9.7
2025-10-30 04:56:02,986 [movie_spider] INFO:   2. 霸王别姬 - 9.6
2025-10-30 04:56:02,986 [movie_spider] INFO:   3. 控方证人 - 9.6
2025-10-30 04:56:02,986 [movie_spider] INFO:   4. 茶馆 - 9.6
2025-10-30 04:56:02,986 [movie_spider] INFO:   5. 泰坦尼克号 - 9.5
2025-10-30 04:56:02,986 [movie_spider] INFO: ==================================================
2025-10-30 04:56:02,994 [movie_spider] INFO: 尝试连接HDFS端口: 9000
2025-10-30 04:56:02,994 [hdfs.client] INFO: Instantiated <InsecureClient(url='http://localhost:9000')>.
2025-10-30 04:56:02,994 [hdfs.client] INFO: Fetching status for '/'.
2025-10-30 04:56:02,995 [hdfs.client] DEBUG: Resolved path '/' to '/'.
2025-10-30 04:56:02,996 [urllib3.connectionpool] DEBUG: Starting new HTTP connection (1): localhost:9000
2025-10-30 04:56:02,996 [urllib3.connectionpool] DEBUG: http://localhost:9000 "GET /webhdfs/v1/?user.name=hadoop&op=GETFILESTATUS HTTP/1.1" 404 None
2025-10-30 04:56:02,997 [movie_spider] WARNING: 端口 9000 连接失败: b'It looks like you are making an HTTP request to a Hadoop IPC port. This is not the correct port for the web interface on this daemon.\r\n'
2025-10-30 04:56:02,997 [movie_spider] INFO: 尝试连接HDFS端口: 9870
2025-10-30 04:56:02,997 [hdfs.client] INFO: Instantiated <InsecureClient(url='http://localhost:9870')>.
2025-10-30 04:56:02,997 [hdfs.client] INFO: Fetching status for '/'.
2025-10-30 04:56:02,997 [hdfs.client] DEBUG: Resolved path '/' to '/'.
2025-10-30 04:56:02,998 [urllib3.connectionpool] DEBUG: Starting new HTTP connection (1): localhost:9870
2025-10-30 04:56:03,007 [urllib3.connectionpool] DEBUG: http://localhost:9870 "GET /webhdfs/v1/?user.name=hadoop&op=GETFILESTATUS HTTP/1.1" 200 None
2025-10-30 04:56:03,008 [hdfs.client] INFO: Creating directories to '/movie_data'.
2025-10-30 04:56:03,008 [hdfs.client] DEBUG: Resolved path '/movie_data' to '/movie_data'.
2025-10-30 04:56:03,015 [urllib3.connectionpool] DEBUG: http://localhost:9870 "PUT /webhdfs/v1/movie_data?user.name=hadoop&permission=755&op=MKDIRS HTTP/1.1" 200 None
2025-10-30 04:56:03,015 [hdfs.client] INFO: Writing to '/movie_data/douban_top250_20251030_045602.json'.
2025-10-30 04:56:03,015 [hdfs.client] DEBUG: Resolved path '/movie_data/douban_top250_20251030_045602.json' to '/movie_data/douban_top250_20251030_045602.json'.
2025-10-30 04:56:03,020 [urllib3.connectionpool] DEBUG: http://localhost:9870 "PUT /webhdfs/v1/movie_data/douban_top250_20251030_045602.json?user.name=hadoop&overwrite=True&op=CREATE HTTP/1.1" 307 0
2025-10-30 04:56:03,021 [hdfs.util] DEBUG: Instantiated <AsyncWriter(consumer=<function Client.write.<locals>.consumer at 0x7f73eba53700>)>.
2025-10-30 04:56:03,021 [hdfs.util] DEBUG: Starting consumer.
2025-10-30 04:56:03,022 [urllib3.connectionpool] DEBUG: Starting new HTTP connection (1): ubuntu:9864
2025-10-30 04:56:03,022 [hdfs.util] DEBUG: Started child thread.
2025-10-30 04:56:03,032 [hdfs.util] DEBUG: Signaling child.
2025-10-30 04:56:03,266 [hdfs.util] DEBUG: Finished consumer.
2025-10-30 04:56:03,266 [hdfs.util] DEBUG: Child terminated without errors.
2025-10-30 04:56:03,266 [movie_spider] INFO: ✓ 成功写入HDFS: /movie_data/douban_top250_20251030_045602.json
2025-10-30 04:56:03,267 [scrapy.core.engine] INFO: Closing spider (finished)
2025-10-30 04:56:03,268 [scrapy.statscollectors] INFO: Dumping Scrapy stats:
{'downloader/request_bytes': 3419,
 'downloader/request_count': 10,
 'downloader/request_method_count/GET': 10,
 'downloader/response_bytes': 116054,
 'downloader/response_count': 10,
 'downloader/response_status_count/200': 10,
 'elapsed_time_seconds': 21.723472,
 'finish_reason': 'finished',
 'finish_time': datetime.datetime(2025, 10, 30, 11, 56, 3, 267933, tzinfo=datetime.timezone.utc),
 'httpcompression/response_bytes': 626022,
 'httpcompression/response_count': 10,
 'log_count/INFO': 291,
 'log_count/WARNING': 2,
 'memusage/max': 58585088,
 'memusage/startup': 58585088,
 'request_depth_max': 9,
 'response_received_count': 10,
 'scheduler/dequeued': 10,
 'scheduler/dequeued/memory': 10,
 'scheduler/enqueued': 10,
 'scheduler/enqueued/memory': 10,
 'start_time': datetime.datetime(2025, 10, 30, 11, 55, 41, 544461, tzinfo=datetime.timezone.utc)}
2025-10-30 04:56:03,268 [scrapy.core.engine] INFO: Spider closed (finished)
2025-10-30 05:08:18,005 [scrapy.utils.log] INFO: Scrapy 2.11.2 started (bot: scrapybot)
2025-10-30 05:08:18,014 [scrapy.utils.log] INFO: Versions: lxml 6.0.2.0, libxml2 2.14.6, cssselect 1.2.0, parsel 1.9.1, w3lib 2.2.1, Twisted 25.5.0, Python 3.8.10 (default, Mar 18 2025, 20:04:55) - [GCC 9.4.0], pyOpenSSL 25.3.0 (OpenSSL 3.5.4 30 Sep 2025), cryptography 46.0.3, Platform Linux-5.15.0-139-generic-x86_64-with-glibc2.29
2025-10-30 05:08:18,016 [scrapy.addons] INFO: Enabled addons:
[]
2025-10-30 05:08:18,017 [py.warnings] WARNING: /home/hadoop/.local/lib/python3.8/site-packages/scrapy/utils/request.py:254: ScrapyDeprecationWarning: '2.6' is a deprecated value for the 'REQUEST_FINGERPRINTER_IMPLEMENTATION' setting.

It is also the default value. In other words, it is normal to get this warning if you have not defined a value for the 'REQUEST_FINGERPRINTER_IMPLEMENTATION' setting. This is so for backward compatibility reasons, but it will change in a future version of Scrapy.

See the documentation of the 'REQUEST_FINGERPRINTER_IMPLEMENTATION' setting for information on how to handle this deprecation.
  return cls(crawler)

2025-10-30 05:08:18,019 [scrapy.utils.log] DEBUG: Using reactor: twisted.internet.epollreactor.EPollReactor
2025-10-30 05:08:18,028 [scrapy.extensions.telnet] INFO: Telnet Password: 2cceb029aa53804f
2025-10-30 05:08:18,053 [scrapy.middleware] INFO: Enabled extensions:
['scrapy.extensions.corestats.CoreStats',
 'scrapy.extensions.telnet.TelnetConsole',
 'scrapy.extensions.memusage.MemoryUsage',
 'scrapy.extensions.logstats.LogStats']
2025-10-30 05:08:18,054 [scrapy.crawler] INFO: Overridden settings:
{'CONCURRENT_REQUESTS_PER_DOMAIN': 1,
 'DOWNLOAD_DELAY': 2,
 'LOG_LEVEL': 'INFO',
 'USER_AGENT': 'Mozilla/5.0 (Windows NT 10.0; Win64; x64) AppleWebKit/537.36'}
2025-10-30 05:08:18,115 [scrapy.middleware] INFO: Enabled downloader middlewares:
['scrapy.downloadermiddlewares.offsite.OffsiteMiddleware',
 'scrapy.downloadermiddlewares.httpauth.HttpAuthMiddleware',
 'scrapy.downloadermiddlewares.downloadtimeout.DownloadTimeoutMiddleware',
 'scrapy.downloadermiddlewares.defaultheaders.DefaultHeadersMiddleware',
 'scrapy.downloadermiddlewares.useragent.UserAgentMiddleware',
 'scrapy.downloadermiddlewares.retry.RetryMiddleware',
 'scrapy.downloadermiddlewares.redirect.MetaRefreshMiddleware',
 'scrapy.downloadermiddlewares.httpcompression.HttpCompressionMiddleware',
 'scrapy.downloadermiddlewares.redirect.RedirectMiddleware',
 'scrapy.downloadermiddlewares.cookies.CookiesMiddleware',
 'scrapy.downloadermiddlewares.httpproxy.HttpProxyMiddleware',
 'scrapy.downloadermiddlewares.stats.DownloaderStats']
2025-10-30 05:08:18,117 [scrapy.middleware] INFO: Enabled spider middlewares:
['scrapy.spidermiddlewares.httperror.HttpErrorMiddleware',
 'scrapy.spidermiddlewares.referer.RefererMiddleware',
 'scrapy.spidermiddlewares.urllength.UrlLengthMiddleware',
 'scrapy.spidermiddlewares.depth.DepthMiddleware']
2025-10-30 05:08:18,117 [scrapy.middleware] INFO: Enabled item pipelines:
[]
2025-10-30 05:08:18,117 [scrapy.core.engine] INFO: Spider opened
2025-10-30 05:08:18,122 [scrapy.extensions.logstats] INFO: Crawled 0 pages (at 0 pages/min), scraped 0 items (at 0 items/min)
2025-10-30 05:08:18,123 [scrapy.extensions.telnet] INFO: Telnet console listening on 127.0.0.1:6023
2025-10-30 05:08:18,315 [scrapy.core.engine] DEBUG: Crawled (200) <GET https://movie.douban.com/top250> (referer: https://movie.douban.com/)
2025-10-30 05:08:18,435 [movie_genre_spider] INFO: 转到下一页: https://movie.douban.com/top250?start=25&filter=
2025-10-30 05:08:20,957 [scrapy.core.engine] DEBUG: Crawled (200) <GET https://movie.douban.com/subject/1292064/> (referer: https://movie.douban.com/top250)
2025-10-30 05:08:21,066 [movie_genre_spider] INFO: 爬取电影: 楚门的世界 The Truman Show - 类型: 剧情, 科幻
2025-10-30 05:08:24,098 [scrapy.core.engine] DEBUG: Crawled (200) <GET https://movie.douban.com/subject/3541415/> (referer: https://movie.douban.com/top250)
2025-10-30 05:08:24,206 [movie_genre_spider] INFO: 爬取电影: 盗梦空间 Inception - 类型: 剧情, 冒险, 悬疑, 科幻
2025-10-30 05:08:26,885 [scrapy.core.engine] DEBUG: Crawled (200) <GET https://movie.douban.com/subject/1295644/> (referer: https://movie.douban.com/top250)
2025-10-30 05:08:26,990 [movie_genre_spider] INFO: 爬取电影: 这个杀手不太冷 Léon - 类型: 剧情, 动作, 犯罪
2025-10-30 05:08:28,754 [scrapy.core.engine] DEBUG: Crawled (200) <GET https://movie.douban.com/subject/1889243/> (referer: https://movie.douban.com/top250)
2025-10-30 05:08:28,860 [movie_genre_spider] INFO: 爬取电影: 星际穿越 Interstellar - 类型: 剧情, 冒险, 科幻
2025-10-30 05:08:31,511 [scrapy.core.engine] DEBUG: Crawled (200) <GET https://movie.douban.com/subject/1292063/> (referer: https://movie.douban.com/top250)
2025-10-30 05:08:31,619 [movie_genre_spider] INFO: 爬取电影: 美丽人生 La vita è bella - 类型: 剧情, 喜剧, 爱情, 战争
2025-10-30 05:08:34,414 [scrapy.core.engine] DEBUG: Crawled (200) <GET https://movie.douban.com/subject/1291561/> (referer: https://movie.douban.com/top250)
2025-10-30 05:08:34,523 [movie_genre_spider] INFO: 爬取电影: 千与千寻 千と千尋の神隠し - 类型: 剧情, 动画, 奇幻
2025-10-30 05:08:36,292 [scrapy.core.engine] DEBUG: Crawled (200) <GET https://movie.douban.com/subject/1292720/> (referer: https://movie.douban.com/top250)
2025-10-30 05:08:36,399 [movie_genre_spider] INFO: 爬取电影: 阿甘正传 Forrest Gump - 类型: 剧情, 爱情
2025-10-30 05:08:39,545 [scrapy.core.engine] DEBUG: Crawled (200) <GET https://movie.douban.com/subject/1292722/> (referer: https://movie.douban.com/top250)
2025-10-30 05:08:39,654 [movie_genre_spider] INFO: 爬取电影: 泰坦尼克号 Titanic - 类型: 剧情, 灾难, 爱情
2025-10-30 05:08:41,825 [scrapy.core.engine] DEBUG: Crawled (200) <GET https://movie.douban.com/subject/1291546/> (referer: https://movie.douban.com/top250)
2025-10-30 05:08:41,932 [movie_genre_spider] INFO: 爬取电影: 霸王别姬 - 类型: 剧情, 同性, 爱情
2025-10-30 05:08:44,065 [scrapy.core.engine] DEBUG: Crawled (200) <GET https://movie.douban.com/subject/1292052/> (referer: https://movie.douban.com/top250)
2025-10-30 05:08:44,173 [movie_genre_spider] INFO: 爬取电影: 肖申克的救赎 The Shawshank Redemption - 类型: 剧情, 犯罪
2025-10-30 05:08:44,173 [movie_genre_spider] INFO: 已爬取 10 部电影，发现 13 种类型
2025-10-30 05:08:45,569 [scrapy.core.engine] DEBUG: Crawled (200) <GET https://movie.douban.com/top250?start=25&filter=> (referer: https://movie.douban.com/top250)
2025-10-30 05:08:45,679 [movie_genre_spider] INFO: 转到下一页: https://movie.douban.com/top250?start=50&filter=
2025-10-30 05:08:48,346 [scrapy.core.engine] DEBUG: Crawled (200) <GET https://movie.douban.com/subject/1849031/> (referer: https://movie.douban.com/top250)
2025-10-30 05:08:48,452 [movie_genre_spider] INFO: 爬取电影: 当幸福来敲门 The Pursuit of Happyness - 类型: 剧情, 家庭, 传记
2025-10-30 05:08:50,293 [scrapy.core.engine] DEBUG: Crawled (200) <GET https://movie.douban.com/subject/1291841/> (referer: https://movie.douban.com/top250)
2025-10-30 05:08:50,402 [movie_genre_spider] INFO: 爬取电影: 教父 The Godfather - 类型: 剧情, 犯罪
2025-10-30 05:08:55,585 [scrapy.core.engine] DEBUG: Crawled (200) <GET https://movie.douban.com/subject/20495023/> (referer: https://movie.douban.com/top250)
2025-10-30 05:08:55,693 [movie_genre_spider] INFO: 爬取电影: 寻梦环游记 Coco - 类型: 音乐, 喜剧, 奇幻, 动画
2025-10-30 05:08:57,820 [scrapy.core.engine] DEBUG: Crawled (200) <GET https://movie.douban.com/subject/6786002/> (referer: https://movie.douban.com/top250)
2025-10-30 05:08:57,927 [movie_genre_spider] INFO: 爬取电影: 触不可及 Intouchables - 类型: 剧情, 喜剧
2025-10-30 05:08:59,410 [scrapy.core.engine] DEBUG: Crawled (200) <GET https://movie.douban.com/subject/5912992/> (referer: https://movie.douban.com/top250)
2025-10-30 05:08:59,518 [movie_genre_spider] INFO: 爬取电影: 熔炉 도가니 - 类型: 剧情
2025-10-30 05:09:03,014 [scrapy.core.engine] DEBUG: Crawled (200) <GET https://movie.douban.com/subject/1292213/> (referer: https://movie.douban.com/top250)
2025-10-30 05:09:03,119 [movie_genre_spider] INFO: 爬取电影: 大话西游之大圣娶亲 西遊記大結局之仙履奇緣 - 类型: 奇幻, 喜剧, 爱情, 古装
2025-10-30 05:09:04,677 [scrapy.core.engine] DEBUG: Crawled (200) <GET https://movie.douban.com/subject/1296141/> (referer: https://movie.douban.com/top250)
2025-10-30 05:09:04,784 [movie_genre_spider] INFO: 爬取电影: 控方证人 Witness for the Prosecution - 类型: 剧情, 惊悚, 犯罪, 悬疑
2025-10-30 05:09:07,499 [scrapy.core.engine] DEBUG: Crawled (200) <GET https://movie.douban.com/subject/1307914/> (referer: https://movie.douban.com/top250)
2025-10-30 05:09:07,606 [movie_genre_spider] INFO: 爬取电影: 无间道 無間道 - 类型: 剧情, 惊悚, 犯罪
2025-10-30 05:09:09,564 [scrapy.core.engine] DEBUG: Crawled (200) <GET https://movie.douban.com/subject/1291549/> (referer: https://movie.douban.com/top250)
2025-10-30 05:09:09,670 [movie_genre_spider] INFO: 爬取电影: 放牛班的春天 Les choristes - 类型: 剧情, 音乐
2025-10-30 05:09:11,994 [scrapy.core.engine] DEBUG: Crawled (200) <GET https://movie.douban.com/subject/2131459/> (referer: https://movie.douban.com/top250)
2025-10-30 05:09:12,102 [movie_genre_spider] INFO: 爬取电影: 机器人总动员 WALL·E - 类型: 动画, 冒险, 科幻
2025-10-30 05:09:12,102 [movie_genre_spider] INFO: 已爬取 20 部电影，发现 18 种类型
2025-10-30 05:09:14,747 [scrapy.core.engine] DEBUG: Crawled (200) <GET https://movie.douban.com/subject/3793023/> (referer: https://movie.douban.com/top250)
2025-10-30 05:09:14,853 [movie_genre_spider] INFO: 爬取电影: 三傻大闹宝莱坞 3 Idiots - 类型: 剧情, 喜剧, 歌舞, 爱情
2025-10-30 05:09:17,420 [scrapy.core.engine] DEBUG: Crawled (200) <GET https://movie.douban.com/subject/25662329/> (referer: https://movie.douban.com/top250)
2025-10-30 05:09:17,528 [movie_genre_spider] INFO: 爬取电影: 疯狂动物城 Zootopia - 类型: 喜剧, 冒险, 动画
2025-10-30 05:09:18,122 [scrapy.extensions.logstats] INFO: Crawled 24 pages (at 24 pages/min), scraped 0 items (at 0 items/min)
2025-10-30 05:09:19,265 [scrapy.core.engine] DEBUG: Crawled (200) <GET https://movie.douban.com/subject/1292001/> (referer: https://movie.douban.com/top250)
2025-10-30 05:09:19,372 [movie_genre_spider] INFO: 爬取电影: 海上钢琴师 La leggenda del pianista sull'oceano - 类型: 剧情, 音乐
2025-10-30 05:09:22,281 [scrapy.core.engine] DEBUG: Crawled (200) <GET https://movie.douban.com/subject/3011091/> (referer: https://movie.douban.com/top250)
2025-10-30 05:09:22,386 [movie_genre_spider] INFO: 爬取电影: 忠犬八公的故事 Hachi: A Dog's Tale - 类型: 剧情
2025-10-30 05:09:24,107 [scrapy.core.engine] DEBUG: Crawled (200) <GET https://movie.douban.com/subject/1295124/> (referer: https://movie.douban.com/top250)
2025-10-30 05:09:24,214 [movie_genre_spider] INFO: 爬取电影: 辛德勒的名单 Schindler's List - 类型: 剧情, 历史, 战争
2025-10-30 05:09:25,874 [scrapy.core.engine] DEBUG: Crawled (200) <GET https://movie.douban.com/top250?start=50&filter=> (referer: https://movie.douban.com/top250?start=25&filter=)
2025-10-30 05:09:25,988 [movie_genre_spider] INFO: 转到下一页: https://movie.douban.com/top250?start=75&filter=
2025-10-30 05:09:29,954 [scrapy.core.engine] DEBUG: Crawled (200) <GET https://movie.douban.com/subject/30170448/> (referer: https://movie.douban.com/top250?start=25&filter=)
2025-10-30 05:09:30,059 [movie_genre_spider] INFO: 爬取电影: 何以为家 كفرناحوم - 类型: 剧情
2025-10-30 05:09:32,062 [scrapy.core.engine] DEBUG: Crawled (200) <GET https://movie.douban.com/subject/1299398/> (referer: https://movie.douban.com/top250?start=25&filter=)
2025-10-30 05:09:32,169 [movie_genre_spider] INFO: 爬取电影: 大话西游之月光宝盒 西遊記第壹佰零壹回之月光寶盒 - 类型: 奇幻, 喜剧, 爱情, 古装
2025-10-30 05:09:34,685 [scrapy.core.engine] DEBUG: Crawled (200) <GET https://movie.douban.com/subject/1291548/> (referer: https://movie.douban.com/top250?start=25&filter=)
2025-10-30 05:09:34,793 [movie_genre_spider] INFO: 爬取电影: 死亡诗社 Dead Poets Society - 类型: 剧情
2025-10-30 05:09:37,683 [scrapy.core.engine] DEBUG: Crawled (200) <GET https://movie.douban.com/subject/1291572/> (referer: https://movie.douban.com/top250?start=25&filter=)
2025-10-30 05:09:37,790 [movie_genre_spider] INFO: 爬取电影: 指环王2：双塔奇兵 The Lord of the Rings: The Two Towers - 类型: 剧情, 动作, 奇幻, 冒险
2025-10-30 05:09:40,394 [scrapy.core.engine] DEBUG: Crawled (200) <GET https://movie.douban.com/subject/1296736/> (referer: https://movie.douban.com/top250?start=25&filter=)
2025-10-30 05:09:40,501 [movie_genre_spider] INFO: 爬取电影: 钢琴家 The Pianist - 类型: 剧情, 传记, 战争, 音乐
2025-10-30 05:09:40,501 [movie_genre_spider] INFO: 已爬取 30 部电影，发现 20 种类型
2025-10-30 05:09:42,529 [scrapy.core.engine] DEBUG: Crawled (200) <GET https://movie.douban.com/subject/1929463/> (referer: https://movie.douban.com/top250?start=25&filter=)
2025-10-30 05:09:42,636 [movie_genre_spider] INFO: 爬取电影: 少年派的奇幻漂流 Life of Pi - 类型: 剧情, 奇幻, 冒险
2025-10-30 05:09:43,662 [scrapy.core.engine] DEBUG: Crawled (200) <GET https://movie.douban.com/subject/26387939/> (referer: https://movie.douban.com/top250?start=25&filter=)
2025-10-30 05:09:43,770 [movie_genre_spider] INFO: 爬取电影: 摔跤吧！爸爸 Dangal - 类型: 剧情, 家庭, 传记, 运动
2025-10-30 05:09:46,811 [scrapy.core.engine] DEBUG: Crawled (200) <GET https://movie.douban.com/subject/1291858/> (referer: https://movie.douban.com/top250?start=25&filter=)
2025-10-30 05:09:46,918 [movie_genre_spider] INFO: 爬取电影: 鬼子来了 - 类型: 剧情, 喜剧
2025-10-30 05:09:49,846 [scrapy.core.engine] DEBUG: Crawled (200) <GET https://movie.douban.com/subject/1291583/> (referer: https://movie.douban.com/top250?start=25&filter=)
2025-10-30 05:09:49,954 [movie_genre_spider] INFO: 爬取电影: 天空之城 天空の城ラピュタ - 类型: 奇幻, 动画, 冒险
2025-10-30 05:09:51,946 [scrapy.core.engine] DEBUG: Crawled (200) <GET https://movie.douban.com/subject/1305487/> (referer: https://movie.douban.com/top250?start=25&filter=)
2025-10-30 05:09:52,053 [movie_genre_spider] INFO: 爬取电影: 猫鼠游戏 Catch Me If You Can - 类型: 剧情, 传记, 犯罪
2025-10-30 05:09:53,782 [scrapy.core.engine] DEBUG: Crawled (200) <GET https://movie.douban.com/subject/25958717/> (referer: https://movie.douban.com/top250?start=25&filter=)
2025-10-30 05:09:53,889 [movie_genre_spider] INFO: 爬取电影: 海蒂和爷爷 Heidi - 类型: 剧情, 家庭, 冒险
2025-10-30 05:09:54,831 [scrapy.core.engine] DEBUG: Crawled (200) <GET https://movie.douban.com/subject/21937452/> (referer: https://movie.douban.com/top250?start=25&filter=)
2025-10-30 05:09:54,938 [movie_genre_spider] INFO: 爬取电影: 素媛 소원 - 类型: 剧情
2025-10-30 05:09:57,720 [scrapy.core.engine] DEBUG: Crawled (200) <GET https://movie.douban.com/subject/1293182/> (referer: https://movie.douban.com/top250?start=25&filter=)
2025-10-30 05:09:57,825 [movie_genre_spider] INFO: 爬取电影: 十二怒汉 12 Angry Men - 类型: 剧情
2025-10-30 05:10:01,143 [scrapy.core.engine] DEBUG: Crawled (200) <GET https://movie.douban.com/subject/1308807/> (referer: https://movie.douban.com/top250?start=25&filter=)
2025-10-30 05:10:01,251 [movie_genre_spider] INFO: 爬取电影: 哈尔的移动城堡 ハウルの動く城 - 类型: 奇幻, 动画, 冒险, 爱情
2025-10-30 05:10:04,115 [scrapy.core.engine] DEBUG: Crawled (200) <GET https://movie.douban.com/subject/3742360/> (referer: https://movie.douban.com/top250?start=25&filter=)
2025-10-30 05:10:04,224 [movie_genre_spider] INFO: 爬取电影: 让子弹飞 - 类型: 剧情, 动作, 喜剧, 西部
2025-10-30 05:10:04,224 [movie_genre_spider] INFO: 已爬取 40 部电影，发现 22 种类型
2025-10-30 05:10:06,652 [scrapy.core.engine] DEBUG: Crawled (200) <GET https://movie.douban.com/subject/2129039/> (referer: https://movie.douban.com/top250?start=25&filter=)
2025-10-30 05:10:06,760 [movie_genre_spider] INFO: 爬取电影: 飞屋环游记 Up - 类型: 剧情, 喜剧, 冒险, 动画
2025-10-30 05:10:07,883 [scrapy.core.engine] DEBUG: Crawled (200) <GET https://movie.douban.com/top250?start=75&filter=> (referer: https://movie.douban.com/top250?start=50&filter=)
2025-10-30 05:10:07,996 [movie_genre_spider] INFO: 转到下一页: https://movie.douban.com/top250?start=100&filter=
2025-10-30 05:10:11,425 [scrapy.core.engine] DEBUG: Crawled (200) <GET https://movie.douban.com/subject/26580232/> (referer: https://movie.douban.com/top250?start=50&filter=)
2025-10-30 05:10:11,534 [movie_genre_spider] INFO: 爬取电影: 看不见的客人 Contratiempo - 类型: 剧情, 惊悚, 犯罪, 悬疑
2025-10-30 05:10:13,938 [scrapy.core.engine] DEBUG: Crawled (200) <GET https://movie.douban.com/subject/1652587/> (referer: https://movie.douban.com/top250?start=50&filter=)
2025-10-30 05:10:14,045 [movie_genre_spider] INFO: 爬取电影: 阿凡达 Avatar - 类型: 动作, 冒险, 科幻
2025-10-30 05:10:16,364 [scrapy.core.engine] DEBUG: Crawled (200) <GET https://movie.douban.com/subject/1291544/> (referer: https://movie.douban.com/top250?start=50&filter=)
2025-10-30 05:10:16,473 [movie_genre_spider] INFO: 爬取电影: 哈利·波特与阿兹卡班的囚徒 Harry Potter and the Prisoner of Azkaban - 类型: 奇幻, 冒险
2025-10-30 05:10:18,124 [scrapy.extensions.logstats] INFO: Crawled 48 pages (at 24 pages/min), scraped 0 items (at 0 items/min)
2025-10-30 05:10:18,146 [scrapy.core.engine] DEBUG: Crawled (200) <GET https://movie.douban.com/subject/1292402/> (referer: https://movie.douban.com/top250?start=50&filter=)
2025-10-30 05:10:18,254 [movie_genre_spider] INFO: 爬取电影: 西西里的美丽传说 Malèna - 类型: 剧情, 战争, 情色
2025-10-30 05:10:20,852 [scrapy.core.engine] DEBUG: Crawled (200) <GET https://movie.douban.com/subject/1291543/> (referer: https://movie.douban.com/top250?start=50&filter=)
2025-10-30 05:10:20,959 [movie_genre_spider] INFO: 爬取电影: 功夫 - 类型: 奇幻, 动作, 喜剧, 犯罪
2025-10-30 05:10:23,326 [scrapy.core.engine] DEBUG: Crawled (200) <GET https://movie.douban.com/subject/1294408/> (referer: https://movie.douban.com/top250?start=50&filter=)
2025-10-30 05:10:23,434 [movie_genre_spider] INFO: 爬取电影: 音乐之声 The Sound of Music - 类型: 剧情, 歌舞, 传记, 爱情
2025-10-30 05:10:25,143 [scrapy.core.engine] DEBUG: Crawled (200) <GET https://movie.douban.com/subject/1900841/> (referer: https://movie.douban.com/top250?start=50&filter=)
2025-10-30 05:10:25,250 [movie_genre_spider] INFO: 爬取电影: 窃听风暴 Das Leben der Anderen - 类型: 剧情, 悬疑
2025-10-30 05:10:27,198 [scrapy.core.engine] DEBUG: Crawled (200) <GET https://movie.douban.com/subject/1293350/> (referer: https://movie.douban.com/top250?start=50&filter=)
2025-10-30 05:10:27,306 [movie_genre_spider] INFO: 爬取电影: 两杆大烟枪 Lock, Stock and Two Smoking Barrels - 类型: 剧情, 喜剧, 犯罪
2025-10-30 05:10:29,899 [scrapy.core.engine] DEBUG: Crawled (200) <GET https://movie.douban.com/subject/3011235/> (referer: https://movie.douban.com/top250?start=50&filter=)
2025-10-30 05:10:30,006 [movie_genre_spider] INFO: 爬取电影: 哈利·波特与死亡圣器(下) Harry Potter and the Deathly Hallows: Part 2 - 类型: 奇幻, 冒险
2025-10-30 05:10:30,006 [movie_genre_spider] INFO: 已爬取 50 部电影，发现 23 种类型
2025-10-30 05:10:32,106 [scrapy.core.engine] DEBUG: Crawled (200) <GET https://movie.douban.com/subject/1292220/> (referer: https://movie.douban.com/top250?start=50&filter=)
2025-10-30 05:10:32,213 [movie_genre_spider] INFO: 爬取电影: 情书 Love Letter - 类型: 剧情, 爱情
2025-10-30 05:10:34,436 [scrapy.core.engine] DEBUG: Crawled (200) <GET https://movie.douban.com/subject/3008247/> (referer: https://movie.douban.com/top250?start=50&filter=)
2025-10-30 05:10:34,543 [movie_genre_spider] INFO: 爬取电影: 穿条纹睡衣的男孩 The Boy in the Striped Pajamas - 类型: 剧情, 战争
2025-10-30 05:10:36,261 [scrapy.core.engine] DEBUG: Crawled (200) <GET https://movie.douban.com/subject/1306029/> (referer: https://movie.douban.com/top250?start=50&filter=)
2025-10-30 05:10:36,369 [movie_genre_spider] INFO: 爬取电影: 美丽心灵 A Beautiful Mind - 类型: 剧情, 传记
2025-10-30 05:10:38,915 [scrapy.core.engine] DEBUG: Crawled (200) <GET https://movie.douban.com/subject/1292000/> (referer: https://movie.douban.com/top250?start=50&filter=)
2025-10-30 05:10:39,022 [movie_genre_spider] INFO: 爬取电影: 搏击俱乐部 Fight Club - 类型: 剧情, 动作, 惊悚, 悬疑
2025-10-30 05:10:41,315 [scrapy.core.engine] DEBUG: Crawled (200) <GET https://movie.douban.com/subject/1485260/> (referer: https://movie.douban.com/top250?start=50&filter=)
2025-10-30 05:10:41,423 [movie_genre_spider] INFO: 爬取电影: 本杰明·巴顿奇事 The Curious Case of Benjamin Button - 类型: 剧情, 奇幻, 爱情
2025-10-30 05:10:43,897 [scrapy.core.engine] DEBUG: Crawled (200) <GET https://movie.douban.com/subject/21937445/> (referer: https://movie.douban.com/top250?start=50&filter=)
2025-10-30 05:10:44,002 [movie_genre_spider] INFO: 爬取电影: 辩护人 변호인 - 类型: 剧情
2025-10-30 05:10:46,355 [scrapy.core.engine] DEBUG: Crawled (200) <GET https://movie.douban.com/subject/1291818/> (referer: https://movie.douban.com/top250?start=50&filter=)
2025-10-30 05:10:46,463 [movie_genre_spider] INFO: 爬取电影: 饮食男女 飲食男女 - 类型: 剧情, 家庭
2025-10-30 05:10:48,223 [scrapy.core.engine] DEBUG: Crawled (200) <GET https://movie.douban.com/top250?start=100&filter=> (referer: https://movie.douban.com/top250?start=75&filter=)
2025-10-30 05:10:48,338 [movie_genre_spider] INFO: 转到下一页: https://movie.douban.com/top250?start=125&filter=
2025-10-30 05:10:51,852 [scrapy.core.engine] DEBUG: Crawled (200) <GET https://movie.douban.com/subject/1306249/> (referer: https://movie.douban.com/top250?start=75&filter=)
2025-10-30 05:10:51,960 [movie_genre_spider] INFO: 爬取电影: 唐伯虎点秋香 唐伯虎點秋香 - 类型: 喜剧, 爱情, 古装
2025-10-30 05:10:54,264 [scrapy.core.engine] DEBUG: Crawled (200) <GET https://movie.douban.com/subject/1292223/> (referer: https://movie.douban.com/top250?start=75&filter=)
2025-10-30 05:10:54,372 [movie_genre_spider] INFO: 爬取电影: 七宗罪 Se7en - 类型: 剧情, 惊悚, 犯罪, 悬疑
2025-10-30 05:10:56,962 [scrapy.core.engine] DEBUG: Crawled (200) <GET https://movie.douban.com/subject/1865703/> (referer: https://movie.douban.com/top250?start=75&filter=)
2025-10-30 05:10:57,069 [movie_genre_spider] INFO: 爬取电影: 红辣椒 パプリカ - 类型: 动画, 惊悚, 悬疑, 科幻
2025-10-30 05:10:57,069 [movie_genre_spider] INFO: 已爬取 60 部电影，发现 23 种类型
2025-10-30 05:10:59,009 [scrapy.core.engine] DEBUG: Crawled (200) <GET https://movie.douban.com/subject/1292262/> (referer: https://movie.douban.com/top250?start=75&filter=)
2025-10-30 05:10:59,114 [movie_genre_spider] INFO: 爬取电影: 美国往事 Once Upon a Time in America - 类型: 剧情, 犯罪
2025-10-30 05:11:01,410 [scrapy.core.engine] DEBUG: Crawled (200) <GET https://movie.douban.com/subject/1298070/> (referer: https://movie.douban.com/top250?start=75&filter=)
2025-10-30 05:11:01,517 [movie_genre_spider] INFO: 爬取电影: 加勒比海盗 Pirates of the Caribbean: The Curse of the Black Pearl - 类型: 动作, 奇幻, 冒险
2025-10-30 05:11:04,326 [scrapy.core.engine] DEBUG: Crawled (200) <GET https://movie.douban.com/subject/3442220/> (referer: https://movie.douban.com/top250?start=75&filter=)
2025-10-30 05:11:04,434 [movie_genre_spider] INFO: 爬取电影: 海豚湾 The Cove - 类型: 纪录片
2025-10-30 05:11:07,143 [scrapy.core.engine] DEBUG: Crawled (200) <GET https://movie.douban.com/subject/1292679/> (referer: https://movie.douban.com/top250?start=75&filter=)
2025-10-30 05:11:07,251 [movie_genre_spider] INFO: 爬取电影: 春光乍泄 春光乍洩 - 类型: 剧情, 同性, 爱情
2025-10-30 05:11:08,497 [scrapy.core.engine] DEBUG: Crawled (200) <GET https://movie.douban.com/subject/1297192/> (referer: https://movie.douban.com/top250?start=75&filter=)
2025-10-30 05:11:08,605 [movie_genre_spider] INFO: 爬取电影: 致命ID Identity - 类型: 剧情, 惊悚, 悬疑
2025-10-30 05:11:11,563 [scrapy.core.engine] DEBUG: Crawled (200) <GET https://movie.douban.com/subject/1300299/> (referer: https://movie.douban.com/top250?start=75&filter=)
2025-10-30 05:11:11,672 [movie_genre_spider] INFO: 爬取电影: 杀人回忆 살인의 추억 - 类型: 剧情, 犯罪, 动作, 惊悚, 悬疑
2025-10-30 05:11:13,447 [scrapy.core.engine] DEBUG: Crawled (200) <GET https://movie.douban.com/subject/1292434/> (referer: https://movie.douban.com/top250?start=75&filter=)
2025-10-30 05:11:13,555 [movie_genre_spider] INFO: 爬取电影: 一一 - 类型: 剧情, 家庭, 爱情
2025-10-30 05:11:15,871 [scrapy.core.engine] DEBUG: Crawled (200) <GET https://movie.douban.com/subject/1294371/> (referer: https://movie.douban.com/top250?start=75&filter=)
2025-10-30 05:11:15,978 [movie_genre_spider] INFO: 爬取电影: 摩登时代 Modern Times - 类型: 剧情, 喜剧, 爱情
2025-10-30 05:11:18,123 [scrapy.extensions.logstats] INFO: Crawled 73 pages (at 25 pages/min), scraped 0 items (at 0 items/min)
2025-10-30 05:11:18,370 [scrapy.core.engine] DEBUG: Crawled (200) <GET https://movie.douban.com/subject/1302425/> (referer: https://movie.douban.com/top250?start=75&filter=)
2025-10-30 05:11:18,479 [movie_genre_spider] INFO: 爬取电影: 喜剧之王 喜劇之王 - 类型: 剧情, 喜剧, 爱情
2025-10-30 05:11:20,807 [scrapy.core.engine] DEBUG: Crawled (200) <GET https://movie.douban.com/subject/36445098/> (referer: https://movie.douban.com/top250?start=75&filter=)
2025-10-30 05:11:20,916 [movie_genre_spider] INFO: 爬取电影: 还有明天 C'è ancora domani - 类型: 剧情, 喜剧, 历史
2025-10-30 05:11:20,916 [movie_genre_spider] INFO: 已爬取 70 部电影，发现 24 种类型
2025-10-30 05:11:23,726 [scrapy.core.engine] DEBUG: Crawled (200) <GET https://movie.douban.com/subject/1296996/> (referer: https://movie.douban.com/top250?start=75&filter=)
2025-10-30 05:11:23,834 [movie_genre_spider] INFO: 爬取电影: 哈利·波特与密室 Harry Potter and the Chamber of Secrets - 类型: 奇幻, 冒险
2025-10-30 05:11:26,574 [scrapy.core.engine] DEBUG: Crawled (200) <GET https://movie.douban.com/subject/5322596/> (referer: https://movie.douban.com/top250?start=75&filter=)
2025-10-30 05:11:26,681 [movie_genre_spider] INFO: 爬取电影: 超脱 Detachment - 类型: 剧情
2025-10-30 05:11:29,546 [scrapy.core.engine] DEBUG: Crawled (200) <GET https://movie.douban.com/subject/1291832/> (referer: https://movie.douban.com/top250?start=75&filter=)
2025-10-30 05:11:29,655 [movie_genre_spider] INFO: 爬取电影: 低俗小说 Pulp Fiction - 类型: 剧情, 喜剧, 犯罪
2025-10-30 05:11:29,905 [scrapy.core.engine] DEBUG: Crawled (200) <GET https://movie.douban.com/top250?start=125&filter=> (referer: https://movie.douban.com/top250?start=100&filter=)
2025-10-30 05:11:30,019 [movie_genre_spider] INFO: 转到下一页: https://movie.douban.com/top250?start=150&filter=
2025-10-30 05:11:33,886 [scrapy.core.engine] DEBUG: Crawled (200) <GET https://movie.douban.com/subject/21318488/> (referer: https://movie.douban.com/top250?start=100&filter=)
2025-10-30 05:11:33,993 [movie_genre_spider] INFO: 爬取电影: 消失的爱人 Gone Girl - 类型: 剧情, 惊悚, 犯罪, 悬疑
2025-10-30 05:11:35,294 [scrapy.core.engine] DEBUG: Crawled (200) <GET https://movie.douban.com/subject/10577869/> (referer: https://movie.douban.com/top250?start=100&filter=)
2025-10-30 05:11:35,404 [movie_genre_spider] INFO: 爬取电影: 时空恋旅人 About Time - 类型: 奇幻, 喜剧, 爱情
2025-10-30 05:11:37,739 [scrapy.core.engine] DEBUG: Crawled (200) <GET https://movie.douban.com/subject/1294639/> (referer: https://movie.douban.com/top250?start=100&filter=)
2025-10-30 05:11:37,846 [movie_genre_spider] INFO: 爬取电影: 勇敢的心 Braveheart - 类型: 剧情, 动作, 战争, 传记, 历史
2025-10-30 05:11:40,937 [scrapy.core.engine] DEBUG: Crawled (200) <GET https://movie.douban.com/subject/1418834/> (referer: https://movie.douban.com/top250?start=100&filter=)
2025-10-30 05:11:41,045 [movie_genre_spider] INFO: 爬取电影: 断背山 Brokeback Mountain - 类型: 剧情, 同性, 家庭, 爱情
2025-10-30 05:11:41,952 [scrapy.core.engine] DEBUG: Crawled (200) <GET https://movie.douban.com/subject/1292370/> (referer: https://movie.douban.com/top250?start=100&filter=)
2025-10-30 05:11:42,060 [movie_genre_spider] INFO: 爬取电影: 剪刀手爱德华 Edward Scissorhands - 类型: 剧情, 奇幻, 爱情
2025-10-30 05:11:43,753 [scrapy.core.engine] DEBUG: Crawled (200) <GET https://movie.douban.com/subject/1293359/> (referer: https://movie.douban.com/top250?start=100&filter=)
2025-10-30 05:11:43,862 [movie_genre_spider] INFO: 爬取电影: 菊次郎的夏天 菊次郎の夏 - 类型: 剧情, 喜剧
2025-10-30 05:11:46,264 [scrapy.core.engine] DEBUG: Crawled (200) <GET https://movie.douban.com/subject/10533913/> (referer: https://movie.douban.com/top250?start=100&filter=)
2025-10-30 05:11:46,374 [movie_genre_spider] INFO: 爬取电影: 头脑特工队 Inside Out - 类型: 喜剧, 冒险, 动画
2025-10-30 05:11:46,375 [movie_genre_spider] INFO: 已爬取 80 部电影，发现 24 种类型
2025-10-30 05:11:48,242 [scrapy.core.engine] DEBUG: Crawled (200) <GET https://movie.douban.com/subject/4202302/> (referer: https://movie.douban.com/top250?start=100&filter=)
2025-10-30 05:11:48,350 [movie_genre_spider] INFO: 爬取电影: 借东西的小人阿莉埃蒂 借りぐらしのアリエッティ - 类型: 奇幻, 动画, 冒险
2025-10-30 05:11:51,394 [scrapy.core.engine] DEBUG: Crawled (200) <GET https://movie.douban.com/subject/2149806/> (referer: https://movie.douban.com/top250?start=100&filter=)
2025-10-30 05:11:51,500 [movie_genre_spider] INFO: 爬取电影: 入殓师 おくりびと - 类型: 剧情
2025-10-30 05:11:53,224 [scrapy.core.engine] DEBUG: Crawled (200) <GET https://movie.douban.com/subject/1309055/> (referer: https://movie.douban.com/top250?start=100&filter=)
2025-10-30 05:11:53,332 [movie_genre_spider] INFO: 爬取电影: 哈利·波特与火焰杯 Harry Potter and the Goblet of Fire - 类型: 奇幻, 冒险, 悬疑
2025-10-30 05:11:56,325 [scrapy.core.engine] DEBUG: Crawled (200) <GET https://movie.douban.com/subject/1395091/> (referer: https://movie.douban.com/top250?start=100&filter=)
2025-10-30 05:11:56,432 [movie_genre_spider] INFO: 爬取电影: 未麻的部屋 Perfect Blue - 类型: 剧情, 犯罪, 惊悚, 悬疑, 动画
2025-10-30 05:11:58,654 [scrapy.core.engine] DEBUG: Crawled (200) <GET https://movie.douban.com/subject/1461403/> (referer: https://movie.douban.com/top250?start=100&filter=)
2025-10-30 05:11:58,761 [movie_genre_spider] INFO: 爬取电影: 茶馆 - 类型: 剧情, 历史
2025-10-30 05:12:01,920 [scrapy.core.engine] DEBUG: Crawled (200) <GET https://movie.douban.com/subject/1291999/> (referer: https://movie.douban.com/top250?start=100&filter=)
2025-10-30 05:12:02,026 [movie_genre_spider] INFO: 爬取电影: 重庆森林 重慶森林 - 类型: 剧情, 爱情
2025-10-30 05:12:03,679 [scrapy.core.engine] DEBUG: Crawled (200) <GET https://movie.douban.com/subject/1787291/> (referer: https://movie.douban.com/top250?start=100&filter=)
2025-10-30 05:12:03,787 [movie_genre_spider] INFO: 爬取电影: 被嫌弃的松子的一生 嫌われ松子の一生 - 类型: 剧情, 歌舞
2025-10-30 05:12:07,163 [scrapy.core.engine] DEBUG: Crawled (200) <GET https://movie.douban.com/subject/1291990/> (referer: https://movie.douban.com/top250?start=100&filter=)
2025-10-30 05:12:07,272 [movie_genre_spider] INFO: 爬取电影: 爱在日落黄昏时 Before Sunset - 类型: 剧情, 爱情
2025-10-30 05:12:09,552 [scrapy.core.engine] DEBUG: Crawled (200) <GET https://movie.douban.com/subject/1297630/> (referer: https://movie.douban.com/top250?start=100&filter=)
2025-10-30 05:12:09,661 [movie_genre_spider] INFO: 爬取电影: 第六感 The Sixth Sense - 类型: 剧情, 惊悚, 悬疑
2025-10-30 05:12:11,062 [scrapy.core.engine] DEBUG: Crawled (200) <GET https://movie.douban.com/top250?start=150&filter=> (referer: https://movie.douban.com/top250?start=125&filter=)
2025-10-30 05:12:11,175 [movie_genre_spider] INFO: 转到下一页: https://movie.douban.com/top250?start=175&filter=
2025-10-30 05:12:14,838 [scrapy.core.engine] DEBUG: Crawled (200) <GET https://movie.douban.com/subject/5989818/> (referer: https://movie.douban.com/top250?start=125&filter=)
2025-10-30 05:12:14,945 [movie_genre_spider] INFO: 爬取电影: 萤火之森 蛍火の杜へ - 类型: 剧情, 奇幻, 动画, 爱情
2025-10-30 05:12:14,946 [movie_genre_spider] INFO: 已爬取 90 部电影，发现 24 种类型
2025-10-30 05:12:17,237 [scrapy.core.engine] DEBUG: Crawled (200) <GET https://movie.douban.com/subject/3287562/> (referer: https://movie.douban.com/top250?start=125&filter=)
2025-10-30 05:12:17,346 [movie_genre_spider] INFO: 爬取电影: 神偷奶爸 Despicable Me - 类型: 喜剧, 冒险, 动画
2025-10-30 05:12:18,124 [scrapy.extensions.logstats] INFO: Crawled 98 pages (at 25 pages/min), scraped 0 items (at 0 items/min)
2025-10-30 05:12:20,613 [scrapy.core.engine] DEBUG: Crawled (200) <GET https://movie.douban.com/subject/25814707/> (referer: https://movie.douban.com/top250?start=125&filter=)
2025-10-30 05:12:20,721 [movie_genre_spider] INFO: 爬取电影: 小森林 冬春篇 リトル・フォレスト 冬・春 - 类型: 剧情
2025-10-30 05:12:22,310 [scrapy.core.engine] DEBUG: Crawled (200) <GET https://movie.douban.com/subject/25986180/> (referer: https://movie.douban.com/top250?start=125&filter=)
2025-10-30 05:12:22,418 [movie_genre_spider] INFO: 爬取电影: 釜山行 부산행 - 类型: 灾难, 动作, 惊悚
2025-10-30 05:12:25,063 [scrapy.core.engine] DEBUG: Crawled (200) <GET https://movie.douban.com/subject/6307447/> (referer: https://movie.douban.com/top250?start=125&filter=)
2025-10-30 05:12:25,169 [movie_genre_spider] INFO: 爬取电影: 被解救的姜戈 Django Unchained - 类型: 剧情, 动作, 冒险, 西部
2025-10-30 05:12:27,385 [scrapy.core.engine] DEBUG: Crawled (200) <GET https://movie.douban.com/subject/1297518/> (referer: https://movie.douban.com/top250?start=125&filter=)
2025-10-30 05:12:27,492 [movie_genre_spider] INFO: 爬取电影: 九品芝麻官 - 类型: 剧情, 喜剧, 古装
2025-10-30 05:12:30,014 [scrapy.core.engine] DEBUG: Crawled (200) <GET https://movie.douban.com/subject/1292274/> (referer: https://movie.douban.com/top250?start=125&filter=)
2025-10-30 05:12:30,120 [movie_genre_spider] INFO: 爬取电影: 幸福终点站 The Terminal - 类型: 剧情, 喜剧, 爱情
2025-10-30 05:12:32,678 [scrapy.core.engine] DEBUG: Crawled (200) <GET https://movie.douban.com/subject/1307315/> (referer: https://movie.douban.com/top250?start=125&filter=)
2025-10-30 05:12:32,785 [movie_genre_spider] INFO: 爬取电影: 哪吒闹海 - 类型: 奇幻, 动画, 冒险
2025-10-30 05:12:36,852 [scrapy.core.engine] DEBUG: Crawled (200) <GET https://movie.douban.com/subject/26799731/> (referer: https://movie.douban.com/top250?start=125&filter=)
2025-10-30 05:12:36,960 [movie_genre_spider] INFO: 爬取电影: 请以你的名字呼唤我 Call Me by Your Name - 类型: 剧情, 同性, 爱情
2025-10-30 05:12:38,312 [scrapy.core.engine] DEBUG: Crawled (200) <GET https://movie.douban.com/subject/1294240/> (referer: https://movie.douban.com/top250?start=125&filter=)
2025-10-30 05:12:38,420 [movie_genre_spider] INFO: 爬取电影: 教父3 The Godfather: Part III - 类型: 剧情, 犯罪
2025-10-30 05:12:41,750 [scrapy.core.engine] DEBUG: Crawled (200) <GET https://movie.douban.com/subject/1297052/> (referer: https://movie.douban.com/top250?start=125&filter=)
2025-10-30 05:12:41,856 [movie_genre_spider] INFO: 爬取电影: 侧耳倾听 耳をすませば - 类型: 剧情, 动画, 爱情
2025-10-30 05:12:41,857 [movie_genre_spider] INFO: 已爬取 100 部电影，发现 24 种类型
2025-10-30 05:12:44,188 [scrapy.core.engine] DEBUG: Crawled (200) <GET https://movie.douban.com/subject/1828115/> (referer: https://movie.douban.com/top250?start=125&filter=)
2025-10-30 05:12:44,293 [movie_genre_spider] INFO: 爬取电影: 色，戒 - 类型: 剧情, 爱情, 情色
2025-10-30 05:12:46,854 [scrapy.core.engine] DEBUG: Crawled (200) <GET https://movie.douban.com/subject/1291579/> (referer: https://movie.douban.com/top250?start=125&filter=)
2025-10-30 05:12:46,960 [movie_genre_spider] INFO: 爬取电影: 怪兽电力公司 Monsters, Inc. - 类型: 喜剧, 冒险, 奇幻, 儿童, 动画
2025-10-30 05:12:48,813 [scrapy.core.engine] DEBUG: Crawled (200) <GET https://movie.douban.com/subject/1858711/> (referer: https://movie.douban.com/top250?start=125&filter=)
2025-10-30 05:12:48,918 [movie_genre_spider] INFO: 爬取电影: 玩具总动员3 Toy Story 3 - 类型: 奇幻, 喜剧, 冒险, 动画
2025-10-30 05:12:51,268 [scrapy.core.engine] DEBUG: Crawled (200) <GET https://movie.douban.com/subject/1292215/> (referer: https://movie.douban.com/top250?start=125&filter=)
2025-10-30 05:12:51,375 [movie_genre_spider] INFO: 爬取电影: 天使爱美丽 Le Fabuleux destin d'Amélie Poulain - 类型: 剧情, 喜剧, 爱情
2025-10-30 05:12:54,501 [scrapy.core.engine] DEBUG: Crawled (200) <GET https://movie.douban.com/subject/26628357/> (referer: https://movie.douban.com/top250?start=125&filter=)
2025-10-30 05:12:54,610 [movie_genre_spider] INFO: 爬取电影: 一个叫欧维的男人决定去死 En man som heter Ove - 类型: 剧情
2025-10-30 05:12:54,995 [scrapy.core.engine] DEBUG: Crawled (200) <GET https://movie.douban.com/top250?start=175&filter=> (referer: https://movie.douban.com/top250?start=150&filter=)
2025-10-30 05:12:55,110 [movie_genre_spider] INFO: 转到下一页: https://movie.douban.com/top250?start=200&filter=
2025-10-30 05:12:58,714 [scrapy.core.engine] DEBUG: Crawled (200) <GET https://movie.douban.com/subject/1291992/> (referer: https://movie.douban.com/top250?start=150&filter=)
2025-10-30 05:12:58,821 [movie_genre_spider] INFO: 爬取电影: 末路狂花 Thelma & Louise - 类型: 剧情, 惊悚, 犯罪
2025-10-30 05:13:00,596 [scrapy.core.engine] DEBUG: Crawled (200) <GET https://movie.douban.com/subject/1307106/> (referer: https://movie.douban.com/top250?start=150&filter=)
2025-10-30 05:13:00,704 [movie_genre_spider] INFO: 爬取电影: 无间道2 無間道II - 类型: 剧情, 惊悚, 犯罪
2025-10-30 05:13:04,725 [scrapy.core.engine] DEBUG: Crawled (200) <GET https://movie.douban.com/subject/1907966/> (referer: https://movie.douban.com/top250?start=150&filter=)
2025-10-30 05:13:04,834 [movie_genre_spider] INFO: 爬取电影: 疯狂原始人 The Croods - 类型: 喜剧, 冒险, 动画
2025-10-30 05:13:06,938 [scrapy.core.engine] DEBUG: Crawled (200) <GET https://movie.douban.com/subject/1793929/> (referer: https://movie.douban.com/top250?start=150&filter=)
2025-10-30 05:13:07,044 [movie_genre_spider] INFO: 爬取电影: 达拉斯买家俱乐部 Dallas Buyers Club - 类型: 剧情, 同性, 传记
2025-10-30 05:13:09,423 [scrapy.core.engine] DEBUG: Crawled (200) <GET https://movie.douban.com/subject/1578507/> (referer: https://movie.douban.com/top250?start=150&filter=)
2025-10-30 05:13:09,532 [movie_genre_spider] INFO: 爬取电影: 谍影重重3 The Bourne Ultimatum - 类型: 动作, 惊悚, 悬疑
2025-10-30 05:13:09,532 [movie_genre_spider] INFO: 已爬取 110 部电影，发现 25 种类型
2025-10-30 05:13:13,063 [scrapy.core.engine] DEBUG: Crawled (200) <GET https://movie.douban.com/subject/27119724/> (referer: https://movie.douban.com/top250?start=150&filter=)
2025-10-30 05:13:13,171 [movie_genre_spider] INFO: 爬取电影: 小丑 Joker - 类型: 剧情, 惊悚, 犯罪
2025-10-30 05:13:16,268 [scrapy.core.engine] DEBUG: Crawled (200) <GET https://movie.douban.com/subject/26611804/> (referer: https://movie.douban.com/top250?start=150&filter=)
2025-10-30 05:13:16,376 [movie_genre_spider] INFO: 爬取电影: 三块广告牌 Three Billboards Outside Ebbing, Missouri - 类型: 剧情, 犯罪
2025-10-30 05:13:18,071 [scrapy.core.engine] DEBUG: Crawled (200) <GET https://movie.douban.com/subject/1417598/> (referer: https://movie.douban.com/top250?start=150&filter=)
2025-10-30 05:13:18,123 [scrapy.extensions.logstats] INFO: Crawled 121 pages (at 23 pages/min), scraped 0 items (at 0 items/min)
2025-10-30 05:13:18,178 [movie_genre_spider] INFO: 爬取电影: 电锯惊魂 Saw - 类型: 恐怖, 惊悚, 悬疑
2025-10-30 05:13:20,849 [scrapy.core.engine] DEBUG: Crawled (200) <GET https://movie.douban.com/subject/1302467/> (referer: https://movie.douban.com/top250?start=150&filter=)
2025-10-30 05:13:20,957 [movie_genre_spider] INFO: 爬取电影: 黑客帝国3：矩阵革命 The Matrix Revolutions - 类型: 动作, 科幻
2025-10-30 05:13:23,442 [scrapy.core.engine] DEBUG: Crawled (200) <GET https://movie.douban.com/subject/21360417/> (referer: https://movie.douban.com/top250?start=150&filter=)
2025-10-30 05:13:23,550 [movie_genre_spider] INFO: 爬取电影: 恐怖直播 더 테러 라이브 - 类型: 剧情, 犯罪, 悬疑
2025-10-30 05:13:26,325 [scrapy.core.engine] DEBUG: Crawled (200) <GET https://movie.douban.com/subject/24733428/> (referer: https://movie.douban.com/top250?start=150&filter=)
2025-10-30 05:13:26,433 [movie_genre_spider] INFO: 爬取电影: 心灵奇旅 Soul - 类型: 奇幻, 动画, 音乐
2025-10-30 05:13:29,075 [scrapy.core.engine] DEBUG: Crawled (200) <GET https://movie.douban.com/subject/1307856/> (referer: https://movie.douban.com/top250?start=150&filter=)
2025-10-30 05:13:29,183 [movie_genre_spider] INFO: 爬取电影: 背靠背，脸对脸 - 类型: 剧情
2025-10-30 05:13:31,147 [scrapy.core.engine] DEBUG: Crawled (200) <GET https://movie.douban.com/subject/4917726/> (referer: https://movie.douban.com/top250?start=150&filter=)
2025-10-30 05:13:31,254 [movie_genre_spider] INFO: 爬取电影: 阳光姐妹淘 써니 - 类型: 剧情, 喜剧
2025-10-30 05:13:33,246 [scrapy.core.engine] DEBUG: Crawled (200) <GET https://movie.douban.com/subject/1306861/> (referer: https://movie.douban.com/top250?start=150&filter=)
2025-10-30 05:13:33,353 [movie_genre_spider] INFO: 爬取电影: 我是山姆 I Am Sam - 类型: 剧情, 家庭
2025-10-30 05:13:34,964 [scrapy.core.engine] DEBUG: Crawled (200) <GET https://movie.douban.com/subject/26683290/> (referer: https://movie.douban.com/top250?start=150&filter=)
2025-10-30 05:13:35,072 [movie_genre_spider] INFO: 爬取电影: 你的名字。 君の名は。 - 类型: 剧情, 动画, 爱情
2025-10-30 05:13:35,072 [movie_genre_spider] INFO: 已爬取 120 部电影，发现 26 种类型
2025-10-30 05:13:37,077 [scrapy.core.engine] DEBUG: Crawled (200) <GET https://movie.douban.com/subject/26325320/> (referer: https://movie.douban.com/top250?start=150&filter=)
2025-10-30 05:13:37,182 [movie_genre_spider] INFO: 爬取电影: 血战钢锯岭 Hacksaw Ridge - 类型: 剧情, 历史, 传记, 战争
2025-10-30 05:13:38,745 [scrapy.core.engine] DEBUG: Crawled (200) <GET https://movie.douban.com/top250?start=200&filter=> (referer: https://movie.douban.com/top250?start=175&filter=)
2025-10-30 05:13:38,856 [movie_genre_spider] INFO: 转到下一页: https://movie.douban.com/top250?start=225&filter=
2025-10-30 05:13:42,719 [scrapy.core.engine] DEBUG: Crawled (200) <GET https://movie.douban.com/subject/1297880/> (referer: https://movie.douban.com/top250?start=175&filter=)
2025-10-30 05:13:42,827 [movie_genre_spider] INFO: 爬取电影: 芙蓉镇 - 类型: 剧情, 爱情
2025-10-30 05:13:44,643 [scrapy.core.engine] DEBUG: Crawled (200) <GET https://movie.douban.com/subject/1959195/> (referer: https://movie.douban.com/top250?start=175&filter=)
2025-10-30 05:13:44,751 [movie_genre_spider] INFO: 爬取电影: 忠犬八公物语 ハチ公物語 - 类型: 剧情
2025-10-30 05:13:47,087 [scrapy.core.engine] DEBUG: Crawled (200) <GET https://movie.douban.com/subject/3792799/> (referer: https://movie.douban.com/top250?start=175&filter=)
2025-10-30 05:13:47,194 [movie_genre_spider] INFO: 爬取电影: 岁月神偷 歲月神偷 - 类型: 剧情, 家庭
2025-10-30 05:13:49,789 [scrapy.core.engine] DEBUG: Crawled (200) <GET https://movie.douban.com/subject/1307811/> (referer: https://movie.douban.com/top250?start=175&filter=)
2025-10-30 05:13:49,895 [movie_genre_spider] INFO: 爬取电影: 魔女宅急便 魔女の宅急便 - 类型: 奇幻, 动画, 冒险
2025-10-30 05:13:52,595 [scrapy.core.engine] DEBUG: Crawled (200) <GET https://movie.douban.com/subject/1310177/> (referer: https://movie.douban.com/top250?start=175&filter=)
2025-10-30 05:13:52,702 [movie_genre_spider] INFO: 爬取电影: 东京教父 東京ゴッドファーザーズ - 类型: 剧情, 喜剧, 动画
2025-10-30 05:13:57,650 [scrapy.core.engine] DEBUG: Crawled (200) <GET https://movie.douban.com/subject/1292329/> (referer: https://movie.douban.com/top250?start=175&filter=)
2025-10-30 05:13:57,759 [movie_genre_spider] INFO: 爬取电影: 牯岭街少年杀人事件 牯嶺街少年殺人事件 - 类型: 剧情, 犯罪
2025-10-30 05:13:59,075 [scrapy.core.engine] DEBUG: Crawled (200) <GET https://movie.douban.com/subject/1291578/> (referer: https://movie.douban.com/top250?start=175&filter=)
2025-10-30 05:13:59,183 [movie_genre_spider] INFO: 爬取电影: 冰川时代 Ice Age - 类型: 喜剧, 冒险, 动画
2025-10-30 05:14:01,626 [scrapy.core.engine] DEBUG: Crawled (200) <GET https://movie.douban.com/subject/3011051/> (referer: https://movie.douban.com/top250?start=175&filter=)
2025-10-30 05:14:01,734 [movie_genre_spider] INFO: 爬取电影: 恐怖游轮 Triangle - 类型: 奇幻, 惊悚, 悬疑, 科幻
2025-10-30 05:14:04,258 [scrapy.core.engine] DEBUG: Crawled (200) <GET https://movie.douban.com/subject/27622447/> (referer: https://movie.douban.com/top250?start=175&filter=)
2025-10-30 05:14:04,364 [movie_genre_spider] INFO: 爬取电影: 小偷家族 万引き家族 - 类型: 剧情, 家庭, 犯罪
2025-10-30 05:14:04,364 [movie_genre_spider] INFO: 已爬取 130 部电影，发现 26 种类型
2025-10-30 05:14:06,071 [scrapy.core.engine] DEBUG: Crawled (200) <GET https://movie.douban.com/subject/6534248/> (referer: https://movie.douban.com/top250?start=175&filter=)
2025-10-30 05:14:06,179 [movie_genre_spider] INFO: 爬取电影: 无敌破坏王 Wreck-It Ralph - 类型: 奇幻, 喜剧, 冒险, 动画
2025-10-30 05:14:08,323 [scrapy.core.engine] DEBUG: Crawled (200) <GET https://movie.douban.com/subject/1291822/> (referer: https://movie.douban.com/top250?start=175&filter=)
2025-10-30 05:14:08,431 [movie_genre_spider] INFO: 爬取电影: 卢旺达饭店 Hotel Rwanda - 类型: 剧情, 历史, 传记, 战争
2025-10-30 05:14:10,833 [scrapy.core.engine] DEBUG: Crawled (200) <GET https://movie.douban.com/subject/35426925/> (referer: https://movie.douban.com/top250?start=175&filter=)
2025-10-30 05:14:10,939 [movie_genre_spider] INFO: 爬取电影: 机器人之梦 Robot Dreams - 类型: 剧情, 动画, 音乐
2025-10-30 05:14:12,802 [scrapy.core.engine] DEBUG: Crawled (200) <GET https://movie.douban.com/subject/1295409/> (referer: https://movie.douban.com/top250?start=175&filter=)
2025-10-30 05:14:12,908 [movie_genre_spider] INFO: 爬取电影: 纵横四海 縱橫四海 - 类型: 剧情, 动作, 喜剧, 犯罪
2025-10-30 05:14:15,251 [scrapy.core.engine] DEBUG: Crawled (200) <GET https://movie.douban.com/subject/1304447/> (referer: https://movie.douban.com/top250?start=175&filter=)
2025-10-30 05:14:15,358 [movie_genre_spider] INFO: 爬取电影: 记忆碎片 Memento - 类型: 剧情, 惊悚, 犯罪, 悬疑
2025-10-30 05:14:18,123 [scrapy.extensions.logstats] INFO: Crawled 144 pages (at 23 pages/min), scraped 0 items (at 0 items/min)
2025-10-30 05:14:18,187 [scrapy.core.engine] DEBUG: Crawled (200) <GET https://movie.douban.com/subject/25917973/> (referer: https://movie.douban.com/top250?start=175&filter=)
2025-10-30 05:14:18,295 [movie_genre_spider] INFO: 爬取电影: 心迷宫 - 类型: 剧情, 犯罪, 悬疑
2025-10-30 05:14:20,610 [scrapy.core.engine] DEBUG: Crawled (200) <GET https://movie.douban.com/subject/1297574/> (referer: https://movie.douban.com/top250?start=175&filter=)
2025-10-30 05:14:20,718 [movie_genre_spider] INFO: 爬取电影: 英雄本色 - 类型: 剧情, 动作, 犯罪
2025-10-30 05:14:21,739 [scrapy.core.engine] DEBUG: Crawled (200) <GET https://movie.douban.com/top250?start=225&filter=> (referer: https://movie.douban.com/top250?start=200&filter=)
2025-10-30 05:14:25,372 [scrapy.core.engine] DEBUG: Crawled (200) <GET https://movie.douban.com/subject/1291870/> (referer: https://movie.douban.com/top250?start=200&filter=)
2025-10-30 05:14:25,479 [movie_genre_spider] INFO: 爬取电影: 雨人 Rain Man - 类型: 剧情
2025-10-30 05:14:27,784 [scrapy.core.engine] DEBUG: Crawled (200) <GET https://movie.douban.com/subject/1302827/> (referer: https://movie.douban.com/top250?start=200&filter=)
2025-10-30 05:14:27,890 [movie_genre_spider] INFO: 爬取电影: 人工智能 A.I. Artificial Intelligence - 类型: 剧情, 科幻
2025-10-30 05:14:30,615 [scrapy.core.engine] DEBUG: Crawled (200) <GET https://movie.douban.com/subject/1292287/> (referer: https://movie.douban.com/top250?start=200&filter=)
2025-10-30 05:14:30,724 [movie_genre_spider] INFO: 爬取电影: 新龙门客栈 新龍門客棧 - 类型: 武侠, 动作, 爱情, 古装
2025-10-30 05:14:30,724 [movie_genre_spider] INFO: 已爬取 140 部电影，发现 27 种类型
2025-10-30 05:14:32,710 [scrapy.core.engine] DEBUG: Crawled (200) <GET https://movie.douban.com/subject/4739952/> (referer: https://movie.douban.com/top250?start=200&filter=)
2025-10-30 05:14:32,817 [movie_genre_spider] INFO: 爬取电影: 初恋这件小事 สิ่งเล็กเล็กที่เรียกว่า...รัก - 类型: 剧情, 喜剧, 爱情
2025-10-30 05:14:35,434 [scrapy.core.engine] DEBUG: Crawled (200) <GET https://movie.douban.com/subject/1293323/> (referer: https://movie.douban.com/top250?start=200&filter=)
2025-10-30 05:14:35,541 [movie_genre_spider] INFO: 爬取电影: 大红灯笼高高挂 - 类型: 剧情
2025-10-30 05:14:38,210 [scrapy.core.engine] DEBUG: Crawled (200) <GET https://movie.douban.com/subject/1438652/> (referer: https://movie.douban.com/top250?start=200&filter=)
2025-10-30 05:14:38,319 [movie_genre_spider] INFO: 爬取电影: 无耻混蛋 Inglourious Basterds - 类型: 剧情, 犯罪
2025-10-30 05:14:41,338 [scrapy.core.engine] DEBUG: Crawled (200) <GET https://movie.douban.com/subject/1291844/> (referer: https://movie.douban.com/top250?start=200&filter=)
2025-10-30 05:14:41,444 [movie_genre_spider] INFO: 爬取电影: 终结者2：审判日 Terminator 2: Judgment Day - 类型: 动作, 科幻
2025-10-30 05:14:42,834 [scrapy.core.engine] DEBUG: Crawled (200) <GET https://movie.douban.com/subject/1978709/> (referer: https://movie.douban.com/top250?start=200&filter=)
2025-10-30 05:14:42,941 [movie_genre_spider] INFO: 爬取电影: 黑天鹅 Black Swan - 类型: 剧情, 惊悚
2025-10-30 05:14:45,691 [scrapy.core.engine] DEBUG: Crawled (200) <GET https://movie.douban.com/subject/2051007/> (referer: https://movie.douban.com/top250?start=200&filter=)
2025-10-30 05:14:45,799 [movie_genre_spider] INFO: 爬取电影: 哈利·波特与死亡圣器(上) Harry Potter and the Deathly Hallows: Part 1 - 类型: 奇幻, 冒险
2025-10-30 05:14:48,934 [scrapy.core.engine] DEBUG: Crawled (200) <GET https://movie.douban.com/subject/25934014/> (referer: https://movie.douban.com/top250?start=200&filter=)
2025-10-30 05:14:49,042 [movie_genre_spider] INFO: 爬取电影: 爱乐之城 La La Land - 类型: 剧情, 歌舞, 爱情
2025-10-30 05:14:50,219 [scrapy.core.engine] DEBUG: Crawled (200) <GET https://movie.douban.com/subject/1303394/> (referer: https://movie.douban.com/top250?start=200&filter=)
2025-10-30 05:14:50,324 [movie_genre_spider] INFO: 爬取电影: 青蛇 - 类型: 剧情, 奇幻, 爱情, 古装
2025-10-30 05:14:52,852 [scrapy.core.engine] DEBUG: Crawled (200) <GET https://movie.douban.com/subject/2133323/> (referer: https://movie.douban.com/top250?start=200&filter=)
2025-10-30 05:14:52,960 [movie_genre_spider] INFO: 爬取电影: 白日梦想家 The Secret Life of Walter Mitty - 类型: 剧情, 喜剧, 冒险
2025-10-30 05:14:55,224 [scrapy.core.engine] DEBUG: Crawled (200) <GET https://movie.douban.com/subject/25773932/> (referer: https://movie.douban.com/top250?start=200&filter=)
2025-10-30 05:14:55,332 [movie_genre_spider] INFO: 爬取电影: 爆裂鼓手 Whiplash - 类型: 剧情, 音乐
2025-10-30 05:14:55,332 [movie_genre_spider] INFO: 已爬取 150 部电影，发现 27 种类型
2025-10-30 05:14:58,146 [scrapy.core.engine] DEBUG: Crawled (200) <GET https://movie.douban.com/subject/5300054/> (referer: https://movie.douban.com/top250?start=200&filter=)
2025-10-30 05:14:58,253 [movie_genre_spider] INFO: 爬取电影: 波西米亚狂想曲 Bohemian Rhapsody - 类型: 剧情, 同性, 传记, 音乐
2025-10-30 05:14:59,507 [scrapy.core.engine] DEBUG: Crawled (200) <GET https://movie.douban.com/subject/1293908/> (referer: https://movie.douban.com/top250?start=200&filter=)
2025-10-30 05:14:59,616 [movie_genre_spider] INFO: 爬取电影: 城市之光 City Lights - 类型: 剧情, 喜剧, 爱情
2025-10-30 05:15:02,287 [scrapy.core.engine] DEBUG: Crawled (200) <GET https://movie.douban.com/subject/1292328/> (referer: https://movie.douban.com/top250?start=200&filter=)
2025-10-30 05:15:02,394 [movie_genre_spider] INFO: 爬取电影: 东邪西毒 東邪西毒 - 类型: 剧情, 爱情, 动作, 古装, 武侠
2025-10-30 05:15:05,239 [scrapy.core.engine] DEBUG: Crawled (200) <GET https://movie.douban.com/subject/1304102/> (referer: https://movie.douban.com/top250?start=225&filter=)
2025-10-30 05:15:05,344 [movie_genre_spider] INFO: 爬取电影: 谍影重重 The Bourne Identity - 类型: 动作, 惊悚, 悬疑
2025-10-30 05:15:07,775 [scrapy.core.engine] DEBUG: Crawled (200) <GET https://movie.douban.com/subject/26615208/> (referer: https://movie.douban.com/top250?start=225&filter=)
2025-10-30 05:15:07,882 [movie_genre_spider] INFO: 爬取电影: 隐藏人物 Hidden Figures - 类型: 剧情, 历史, 传记
2025-10-30 05:15:09,754 [scrapy.core.engine] DEBUG: Crawled (200) <GET https://movie.douban.com/subject/25724855/> (referer: https://movie.douban.com/top250?start=225&filter=)
2025-10-30 05:15:09,862 [movie_genre_spider] INFO: 爬取电影: 房间 Room - 类型: 剧情, 家庭
2025-10-30 05:15:12,556 [scrapy.core.engine] DEBUG: Crawled (200) <GET https://movie.douban.com/subject/1293964/> (referer: https://movie.douban.com/top250?start=225&filter=)
2025-10-30 05:15:12,666 [movie_genre_spider] INFO: 爬取电影: 魂断蓝桥 Waterloo Bridge - 类型: 剧情, 爱情, 战争
2025-10-30 05:15:15,598 [scrapy.core.engine] DEBUG: Crawled (200) <GET https://movie.douban.com/subject/4202982/> (referer: https://movie.douban.com/top250?start=225&filter=)
2025-10-30 05:15:15,706 [movie_genre_spider] INFO: 爬取电影: 冰雪奇缘 Frozen - 类型: 奇幻, 喜剧, 歌舞, 动画
2025-10-30 05:15:18,107 [scrapy.core.engine] DEBUG: Crawled (200) <GET https://movie.douban.com/subject/1428175/> (referer: https://movie.douban.com/top250?start=225&filter=)
2025-10-30 05:15:18,123 [scrapy.extensions.logstats] INFO: Crawled 169 pages (at 25 pages/min), scraped 0 items (at 0 items/min)
2025-10-30 05:15:18,214 [movie_genre_spider] INFO: 爬取电影: 血钻 Blood Diamond - 类型: 剧情, 惊悚, 冒险
2025-10-30 05:15:20,006 [scrapy.core.engine] DEBUG: Crawled (200) <GET https://movie.douban.com/subject/26374197/> (referer: https://movie.douban.com/top250?start=225&filter=)
2025-10-30 05:15:20,112 [movie_genre_spider] INFO: 爬取电影: 蜘蛛侠：平行宇宙 Spider-Man: Into the Spider-Verse - 类型: 动作, 动画, 冒险, 科幻
2025-10-30 05:15:20,112 [movie_genre_spider] INFO: 已爬取 160 部电影，发现 27 种类型
2025-10-30 05:15:21,605 [scrapy.core.engine] DEBUG: Crawled (200) <GET https://movie.douban.com/subject/1291936/> (referer: https://movie.douban.com/top250?start=225&filter=)
2025-10-30 05:15:21,713 [movie_genre_spider] INFO: 爬取电影: 攻壳机动队 攻殻機動隊 - 类型: 动作, 动画, 科幻
2025-10-30 05:15:25,304 [scrapy.core.engine] DEBUG: Crawled (200) <GET https://movie.douban.com/subject/1308767/> (referer: https://movie.douban.com/top250?start=225&filter=)
2025-10-30 05:15:25,411 [movie_genre_spider] INFO: 爬取电影: 谍影重重2 The Bourne Supremacy - 类型: 动作, 惊悚, 悬疑
2025-10-30 05:15:27,646 [scrapy.core.engine] DEBUG: Crawled (200) <GET https://movie.douban.com/subject/2222996/> (referer: https://movie.douban.com/top250?start=225&filter=)
2025-10-30 05:15:27,754 [movie_genre_spider] INFO: 爬取电影: 步履不停 歩いても 歩いても - 类型: 剧情, 家庭
2025-10-30 05:15:30,884 [scrapy.core.engine] DEBUG: Crawled (200) <GET https://movie.douban.com/subject/1293318/> (referer: https://movie.douban.com/top250?start=225&filter=)
2025-10-30 05:15:30,991 [movie_genre_spider] INFO: 爬取电影: 萤火虫之墓 火垂るの墓 - 类型: 剧情, 动画, 战争
2025-10-30 05:15:32,837 [scrapy.core.engine] DEBUG: Crawled (200) <GET https://movie.douban.com/subject/1419936/> (referer: https://movie.douban.com/top250?start=225&filter=)
2025-10-30 05:15:32,944 [movie_genre_spider] INFO: 爬取电影: 战争之王 Lord of War - 类型: 剧情, 犯罪
2025-10-30 05:15:35,867 [scrapy.core.engine] DEBUG: Crawled (200) <GET https://movie.douban.com/subject/1307394/> (referer: https://movie.douban.com/top250?start=225&filter=)
2025-10-30 05:15:35,975 [movie_genre_spider] INFO: 爬取电影: 千年女优 千年女優 - 类型: 剧情, 动画, 爱情
2025-10-30 05:15:38,639 [scrapy.core.engine] DEBUG: Crawled (200) <GET https://movie.douban.com/subject/26787574/> (referer: https://movie.douban.com/top250?start=225&filter=)
2025-10-30 05:15:38,748 [movie_genre_spider] INFO: 爬取电影: 奇迹男孩 Wonder - 类型: 剧情, 儿童, 家庭
2025-10-30 05:15:41,181 [scrapy.core.engine] DEBUG: Crawled (200) <GET https://movie.douban.com/subject/1304141/> (referer: https://movie.douban.com/top250?start=225&filter=)
2025-10-30 05:15:41,291 [movie_genre_spider] INFO: 爬取电影: 黑客帝国2：重装上阵 The Matrix Reloaded - 类型: 动作, 科幻
2025-10-30 05:15:44,195 [scrapy.core.engine] DEBUG: Crawled (200) <GET https://movie.douban.com/subject/25864085/> (referer: https://movie.douban.com/top250?start=225&filter=)
2025-10-30 05:15:44,302 [movie_genre_spider] INFO: 爬取电影: 火星救援 The Martian - 类型: 剧情, 冒险, 科幻
2025-10-30 05:15:46,456 [scrapy.core.engine] DEBUG: Crawled (200) <GET https://movie.douban.com/subject/25980443/> (referer: https://movie.douban.com/top250?start=225&filter=)
2025-10-30 05:15:46,564 [movie_genre_spider] INFO: 爬取电影: 海边的曼彻斯特 Manchester by the Sea - 类型: 剧情, 家庭
2025-10-30 05:15:46,564 [movie_genre_spider] INFO: 已爬取 170 部电影，发现 27 种类型
2025-10-30 05:15:48,441 [scrapy.core.engine] DEBUG: Crawled (200) <GET https://movie.douban.com/subject/25807345/> (referer: https://movie.douban.com/top250?start=225&filter=)
2025-10-30 05:15:48,548 [movie_genre_spider] INFO: 爬取电影: 彗星来的那一夜 Coherence - 类型: 惊悚, 悬疑, 科幻
2025-10-30 05:15:50,764 [scrapy.core.engine] DEBUG: Crawled (200) <GET https://movie.douban.com/subject/1457217/> (referer: https://movie.douban.com/top250?start=225&filter=)
2025-10-30 05:15:50,871 [movie_genre_spider] INFO: 爬取电影: 哈利·波特与凤凰社 Harry Potter and the Order of the Phoenix - 类型: 奇幻, 冒险
2025-10-30 05:15:52,976 [scrapy.core.engine] DEBUG: Crawled (200) <GET https://movie.douban.com/subject/1309163/> (referer: https://movie.douban.com/top250?start=225&filter=)
2025-10-30 05:15:53,083 [movie_genre_spider] INFO: 爬取电影: 恋恋笔记本 The Notebook - 类型: 剧情, 爱情
2025-10-30 05:15:55,252 [scrapy.core.engine] DEBUG: Crawled (200) <GET https://movie.douban.com/subject/1291879/> (referer: https://movie.douban.com/top250?start=225&filter=)
2025-10-30 05:15:55,359 [movie_genre_spider] INFO: 爬取电影: 罗生门 羅生門 - 类型: 剧情, 犯罪, 悬疑
2025-10-30 05:15:57,951 [scrapy.core.engine] DEBUG: Crawled (200) <GET https://movie.douban.com/subject/1292401/> (referer: https://movie.douban.com/top250?start=225&filter=)
2025-10-30 05:15:58,057 [movie_genre_spider] INFO: 爬取电影: 真爱至上 Love Actually - 类型: 剧情, 喜剧, 爱情
2025-10-30 05:16:01,141 [scrapy.core.engine] DEBUG: Crawled (200) <GET https://movie.douban.com/subject/1300117/> (referer: https://movie.douban.com/top250?start=225&filter=)
2025-10-30 05:16:01,249 [movie_genre_spider] INFO: 爬取电影: 千钧一发 Gattaca - 类型: 剧情, 惊悚, 科幻
2025-10-30 05:16:02,727 [scrapy.core.engine] DEBUG: Crawled (200) <GET https://movie.douban.com/subject/1296909/> (referer: https://movie.douban.com/top250?start=225&filter=)
2025-10-30 05:16:02,835 [movie_genre_spider] INFO: 爬取电影: 虎口脱险 La grande vadrouille - 类型: 喜剧, 战争
2025-10-30 05:16:05,895 [scrapy.core.engine] DEBUG: Crawled (200) <GET https://movie.douban.com/subject/1959877/> (referer: https://movie.douban.com/top250?start=225&filter=)
2025-10-30 05:16:06,002 [movie_genre_spider] INFO: 爬取电影: 崖上的波妞 崖の上のポニョ - 类型: 奇幻, 动画, 冒险
2025-10-30 05:16:08,753 [scrapy.core.engine] DEBUG: Crawled (200) <GET https://movie.douban.com/subject/34874432/> (referer: https://movie.douban.com/top250?start=200&filter=)
2025-10-30 05:16:08,860 [movie_genre_spider] INFO: 爬取电影: 花束般的恋爱 花束みたいな恋をした - 类型: 剧情, 爱情
2025-10-30 05:16:11,407 [scrapy.core.engine] DEBUG: Crawled (200) <GET https://movie.douban.com/subject/1308857/> (referer: https://movie.douban.com/top250?start=200&filter=)
2025-10-30 05:16:11,515 [movie_genre_spider] INFO: 爬取电影: 可可西里 - 类型: 剧情, 犯罪
2025-10-30 05:16:11,515 [movie_genre_spider] INFO: 已爬取 180 部电影，发现 27 种类型
2025-10-30 05:16:14,388 [scrapy.core.engine] DEBUG: Crawled (200) <GET https://movie.douban.com/subject/4848115/> (referer: https://movie.douban.com/top250?start=200&filter=)
2025-10-30 05:16:14,495 [movie_genre_spider] INFO: 爬取电影: 你看起来好像很好吃 おまえうまそうだな - 类型: 剧情, 儿童, 动画
2025-10-30 05:16:17,283 [scrapy.core.engine] DEBUG: Crawled (200) <GET https://movie.douban.com/subject/3592854/> (referer: https://movie.douban.com/top250?start=200&filter=)
2025-10-30 05:16:17,391 [movie_genre_spider] INFO: 爬取电影: 疯狂的麦克斯4：狂暴之路 Mad Max: Fury Road - 类型: 动作, 冒险, 科幻
2025-10-30 05:16:18,124 [scrapy.extensions.logstats] INFO: Crawled 192 pages (at 23 pages/min), scraped 0 items (at 0 items/min)
2025-10-30 05:16:19,837 [scrapy.core.engine] DEBUG: Crawled (200) <GET https://movie.douban.com/subject/2209573/> (referer: https://movie.douban.com/top250?start=200&filter=)
2025-10-30 05:16:19,944 [movie_genre_spider] INFO: 爬取电影: 贫民窟的百万富翁 Slumdog Millionaire - 类型: 剧情, 爱情
2025-10-30 05:16:21,755 [scrapy.core.engine] DEBUG: Crawled (200) <GET https://movie.douban.com/subject/3075287/> (referer: https://movie.douban.com/top250?start=200&filter=)
2025-10-30 05:16:21,864 [movie_genre_spider] INFO: 爬取电影: 源代码 Source Code - 类型: 惊悚, 悬疑, 科幻
2025-10-30 05:16:24,685 [scrapy.core.engine] DEBUG: Crawled (200) <GET https://movie.douban.com/subject/27059130/> (referer: https://movie.douban.com/top250?start=200&filter=)
2025-10-30 05:16:24,794 [movie_genre_spider] INFO: 爬取电影: 大佛普拉斯 - 类型: 剧情, 喜剧
2025-10-30 05:16:26,401 [scrapy.core.engine] DEBUG: Crawled (200) <GET https://movie.douban.com/subject/1867345/> (referer: https://movie.douban.com/top250?start=200&filter=)
2025-10-30 05:16:26,506 [movie_genre_spider] INFO: 爬取电影: 遗愿清单 The Bucket List - 类型: 剧情, 喜剧, 冒险
2025-10-30 05:16:27,496 [scrapy.core.engine] DEBUG: Crawled (200) <GET https://movie.douban.com/subject/24750126/> (referer: https://movie.douban.com/top250?start=200&filter=)
2025-10-30 05:16:27,603 [movie_genre_spider] INFO: 爬取电影: 荒蛮故事 Relatos salvajes - 类型: 剧情, 喜剧, 犯罪
2025-10-30 05:16:30,344 [scrapy.core.engine] DEBUG: Crawled (200) <GET https://movie.douban.com/subject/1292226/> (referer: https://movie.douban.com/top250?start=175&filter=)
2025-10-30 05:16:30,452 [movie_genre_spider] INFO: 爬取电影: 2001太空漫游 2001: A Space Odyssey - 类型: 惊悚, 冒险, 科幻
2025-10-30 05:16:31,909 [scrapy.core.engine] DEBUG: Crawled (200) <GET https://movie.douban.com/subject/1293460/> (referer: https://movie.douban.com/top250?start=175&filter=)
2025-10-30 05:16:32,016 [movie_genre_spider] INFO: 爬取电影: 雨中曲 Singin' in the Rain - 类型: 喜剧, 歌舞, 爱情
2025-10-30 05:16:34,296 [scrapy.core.engine] DEBUG: Crawled (200) <GET https://movie.douban.com/subject/1292208/> (referer: https://movie.douban.com/top250?start=175&filter=)
2025-10-30 05:16:34,403 [movie_genre_spider] INFO: 爬取电影: 上帝之城 Cidade de Deus - 类型: 剧情, 犯罪
2025-10-30 05:16:34,403 [movie_genre_spider] INFO: 已爬取 190 部电影，发现 27 种类型
2025-10-30 05:16:36,828 [scrapy.core.engine] DEBUG: Crawled (200) <GET https://movie.douban.com/subject/1291585/> (referer: https://movie.douban.com/top250?start=175&filter=)
2025-10-30 05:16:36,937 [movie_genre_spider] INFO: 爬取电影: 风之谷 風の谷のナウシカ - 类型: 奇幻, 动画, 冒险
2025-10-30 05:16:39,641 [scrapy.core.engine] DEBUG: Crawled (200) <GET https://movie.douban.com/subject/1862151/> (referer: https://movie.douban.com/top250?start=175&filter=)
2025-10-30 05:16:39,748 [movie_genre_spider] INFO: 爬取电影: 疯狂的石头 - 类型: 喜剧, 犯罪
2025-10-30 05:16:42,044 [scrapy.core.engine] DEBUG: Crawled (200) <GET https://movie.douban.com/subject/1422283/> (referer: https://movie.douban.com/top250?start=175&filter=)
2025-10-30 05:16:42,152 [movie_genre_spider] INFO: 爬取电影: 高山下的花环 - 类型: 剧情, 战争
2025-10-30 05:16:44,178 [scrapy.core.engine] DEBUG: Crawled (200) <GET https://movie.douban.com/subject/25895901/> (referer: https://movie.douban.com/top250?start=175&filter=)
2025-10-30 05:16:44,287 [movie_genre_spider] INFO: 爬取电影: 海街日记 海街diary - 类型: 剧情, 家庭
2025-10-30 05:16:46,419 [scrapy.core.engine] DEBUG: Crawled (200) <GET https://movie.douban.com/subject/10808442/> (referer: https://movie.douban.com/top250?start=175&filter=)
2025-10-30 05:16:46,524 [movie_genre_spider] INFO: 爬取电影: 爱在午夜降临前 Before Midnight - 类型: 剧情, 爱情
2025-10-30 05:16:48,678 [scrapy.core.engine] DEBUG: Crawled (200) <GET https://movie.douban.com/subject/1300374/> (referer: https://movie.douban.com/top250?start=175&filter=)
2025-10-30 05:16:48,786 [movie_genre_spider] INFO: 爬取电影: 绿里奇迹 The Green Mile - 类型: 剧情, 奇幻, 犯罪, 悬疑
2025-10-30 05:16:51,494 [scrapy.core.engine] DEBUG: Crawled (200) <GET https://movie.douban.com/subject/1316510/> (referer: https://movie.douban.com/top250?start=150&filter=)
2025-10-30 05:16:51,603 [movie_genre_spider] INFO: 爬取电影: 射雕英雄传之东成西就 射鵰英雄傳之東成西就 - 类型: 奇幻, 喜剧, 武侠, 古装
2025-10-30 05:16:54,584 [scrapy.core.engine] DEBUG: Crawled (200) <GET https://movie.douban.com/subject/1293181/> (referer: https://movie.douban.com/top250?start=150&filter=)
2025-10-30 05:16:54,692 [movie_genre_spider] INFO: 爬取电影: 惊魂记 Psycho - 类型: 恐怖, 惊悚, 悬疑
2025-10-30 05:16:56,025 [scrapy.core.engine] DEBUG: Crawled (200) <GET https://movie.douban.com/subject/1291545/> (referer: https://movie.douban.com/top250?start=150&filter=)
2025-10-30 05:16:56,133 [movie_genre_spider] INFO: 爬取电影: 大鱼 Big Fish - 类型: 剧情, 奇幻, 冒险, 爱情
2025-10-30 05:16:58,780 [scrapy.core.engine] DEBUG: Crawled (200) <GET https://movie.douban.com/subject/10463953/> (referer: https://movie.douban.com/top250?start=150&filter=)
2025-10-30 05:16:58,889 [movie_genre_spider] INFO: 爬取电影: 模仿游戏 The Imitation Game - 类型: 剧情, 同性, 传记, 战争
2025-10-30 05:16:58,889 [movie_genre_spider] INFO: 已爬取 200 部电影，发现 27 种类型
2025-10-30 05:17:00,691 [scrapy.core.engine] DEBUG: Crawled (200) <GET https://movie.douban.com/subject/4920389/> (referer: https://movie.douban.com/top250?start=150&filter=)
2025-10-30 05:17:00,798 [movie_genre_spider] INFO: 爬取电影: 头号玩家 Ready Player One - 类型: 动作, 冒险, 科幻
2025-10-30 05:17:03,530 [scrapy.core.engine] DEBUG: Crawled (200) <GET https://movie.douban.com/subject/1295399/> (referer: https://movie.douban.com/top250?start=150&filter=)
2025-10-30 05:17:03,638 [movie_genre_spider] INFO: 爬取电影: 七武士 七人の侍 - 类型: 剧情, 动作, 冒险
2025-10-30 05:17:04,819 [scrapy.core.engine] DEBUG: Crawled (200) <GET https://movie.douban.com/subject/3072124/> (referer: https://movie.douban.com/top250?start=150&filter=)
2025-10-30 05:17:04,926 [movie_genre_spider] INFO: 爬取电影: 玛丽和麦克斯 Mary and Max - 类型: 剧情, 喜剧, 动画
2025-10-30 05:17:07,212 [scrapy.core.engine] DEBUG: Crawled (200) <GET https://movie.douban.com/subject/4268598/> (referer: https://movie.douban.com/top250?start=150&filter=)
2025-10-30 05:17:07,320 [movie_genre_spider] INFO: 爬取电影: 告白 - 类型: 剧情, 悬疑
2025-10-30 05:17:10,355 [scrapy.core.engine] DEBUG: Crawled (200) <GET https://movie.douban.com/subject/1303037/> (referer: https://movie.douban.com/top250?start=150&filter=)
2025-10-30 05:17:10,463 [movie_genre_spider] INFO: 爬取电影: 喜宴 囍宴 - 类型: 剧情, 爱情, 喜剧, 家庭, 同性
2025-10-30 05:17:13,023 [scrapy.core.engine] DEBUG: Crawled (200) <GET https://movie.douban.com/subject/25814705/> (referer: https://movie.douban.com/top250?start=125&filter=)
2025-10-30 05:17:13,130 [movie_genre_spider] INFO: 爬取电影: 小森林 夏秋篇 リトル・フォレスト 夏・秋 - 类型: 剧情
2025-10-30 05:17:14,873 [scrapy.core.engine] DEBUG: Crawled (200) <GET https://movie.douban.com/subject/1291875/> (referer: https://movie.douban.com/top250?start=125&filter=)
2025-10-30 05:17:14,979 [movie_genre_spider] INFO: 爬取电影: 阳光灿烂的日子 - 类型: 剧情, 爱情
2025-10-30 05:17:17,941 [scrapy.core.engine] DEBUG: Crawled (200) <GET https://movie.douban.com/subject/10437779/> (referer: https://movie.douban.com/top250?start=125&filter=)
2025-10-30 05:17:18,049 [movie_genre_spider] INFO: 爬取电影: 新世界 신세계 - 类型: 剧情, 犯罪
2025-10-30 05:17:18,123 [scrapy.extensions.logstats] INFO: Crawled 218 pages (at 26 pages/min), scraped 0 items (at 0 items/min)
2025-10-30 05:17:19,784 [scrapy.downloadermiddlewares.redirect] DEBUG: Redirecting (302) to <GET https://sec.douban.com/b?r=https%3A%2F%2Fmovie.douban.com%2Fsubject%2F1300992%2F> from <GET https://movie.douban.com/subject/1300992/>
2025-10-30 05:17:22,564 [scrapy.downloadermiddlewares.redirect] DEBUG: Redirecting (302) to <GET https://sec.douban.com/b?r=https%3A%2F%2Fmovie.douban.com%2Fsubject%2F1418200%2F> from <GET https://movie.douban.com/subject/1418200/>
2025-10-30 05:17:25,140 [scrapy.downloadermiddlewares.redirect] DEBUG: Redirecting (302) to <GET https://sec.douban.com/b?r=https%3A%2F%2Fmovie.douban.com%2Fsubject%2F1291557%2F> from <GET https://movie.douban.com/subject/1291557/>
2025-10-30 05:17:27,301 [scrapy.downloadermiddlewares.redirect] DEBUG: Redirecting (302) to <GET https://sec.douban.com/b?r=https%3A%2F%2Fmovie.douban.com%2Fsubject%2F2353023%2F> from <GET https://movie.douban.com/subject/2353023/>
2025-10-30 05:17:30,176 [scrapy.downloadermiddlewares.redirect] DEBUG: Redirecting (302) to <GET https://sec.douban.com/b?r=https%3A%2F%2Fmovie.douban.com%2Fsubject%2F1297447%2F> from <GET https://movie.douban.com/subject/1297447/>
2025-10-30 05:17:32,458 [scrapy.downloadermiddlewares.redirect] DEBUG: Redirecting (302) to <GET https://sec.douban.com/b?r=https%3A%2F%2Fmovie.douban.com%2Fsubject%2F1292337%2F> from <GET https://movie.douban.com/subject/1292337/>
2025-10-30 05:17:35,436 [scrapy.downloadermiddlewares.redirect] DEBUG: Redirecting (302) to <GET https://sec.douban.com/b?r=https%3A%2F%2Fmovie.douban.com%2Fsubject%2F1296339%2F> from <GET https://movie.douban.com/subject/1296339/>
2025-10-30 05:17:37,983 [scrapy.downloadermiddlewares.redirect] DEBUG: Redirecting (302) to <GET https://sec.douban.com/b?r=https%3A%2F%2Fmovie.douban.com%2Fsubject%2F11026735%2F> from <GET https://movie.douban.com/subject/11026735/>
2025-10-30 05:17:40,717 [scrapy.downloadermiddlewares.redirect] DEBUG: Redirecting (302) to <GET https://sec.douban.com/b?r=https%3A%2F%2Fmovie.douban.com%2Fsubject%2F10777687%2F> from <GET https://movie.douban.com/subject/10777687/>
2025-10-30 05:17:43,406 [scrapy.downloadermiddlewares.redirect] DEBUG: Redirecting (302) to <GET https://sec.douban.com/b?r=https%3A%2F%2Fmovie.douban.com%2Fsubject%2F1428581%2F> from <GET https://movie.douban.com/subject/1428581/>
2025-10-30 05:17:46,213 [scrapy.downloadermiddlewares.redirect] DEBUG: Redirecting (302) to <GET https://sec.douban.com/b?r=https%3A%2F%2Fmovie.douban.com%2Fsubject%2F27010768%2F> from <GET https://movie.douban.com/subject/27010768/>
2025-10-30 05:17:48,437 [scrapy.downloadermiddlewares.redirect] DEBUG: Redirecting (302) to <GET https://sec.douban.com/b?r=https%3A%2F%2Fmovie.douban.com%2Fsubject%2F3395373%2F> from <GET https://movie.douban.com/subject/3395373/>
2025-10-30 05:17:51,317 [scrapy.downloadermiddlewares.redirect] DEBUG: Redirecting (302) to <GET https://sec.douban.com/b?r=https%3A%2F%2Fmovie.douban.com%2Fsubject%2F1305164%2F> from <GET https://movie.douban.com/subject/1305164/>
2025-10-30 05:17:53,496 [scrapy.downloadermiddlewares.redirect] DEBUG: Redirecting (302) to <GET https://sec.douban.com/b?r=https%3A%2F%2Fmovie.douban.com%2Fsubject%2F1297359%2F> from <GET https://movie.douban.com/subject/1297359/>
2025-10-30 05:17:56,535 [scrapy.downloadermiddlewares.redirect] DEBUG: Redirecting (302) to <GET https://sec.douban.com/b?r=https%3A%2F%2Fmovie.douban.com%2Fsubject%2F6985810%2F> from <GET https://movie.douban.com/subject/6985810/>
2025-10-30 05:17:59,178 [scrapy.downloadermiddlewares.redirect] DEBUG: Redirecting (302) to <GET https://sec.douban.com/b?r=https%3A%2F%2Fmovie.douban.com%2Fsubject%2F1780330%2F> from <GET https://movie.douban.com/subject/1780330/>
2025-10-30 05:18:01,820 [scrapy.core.engine] DEBUG: Crawled (403) <GET https://sec.douban.com/b?r=https%3A%2F%2Fmovie.douban.com%2Fsubject%2F1300992%2F> (referer: https://movie.douban.com/top250?start=125&filter=)
2025-10-30 05:18:01,922 [scrapy.spidermiddlewares.httperror] INFO: Ignoring response <403 https://sec.douban.com/b?r=https%3A%2F%2Fmovie.douban.com%2Fsubject%2F1300992%2F>: HTTP status code is not handled or not allowed
2025-10-30 05:18:03,523 [scrapy.core.engine] DEBUG: Crawled (403) <GET https://sec.douban.com/b?r=https%3A%2F%2Fmovie.douban.com%2Fsubject%2F1418200%2F> (referer: https://movie.douban.com/top250?start=125&filter=)
2025-10-30 05:18:03,625 [scrapy.spidermiddlewares.httperror] INFO: Ignoring response <403 https://sec.douban.com/b?r=https%3A%2F%2Fmovie.douban.com%2Fsubject%2F1418200%2F>: HTTP status code is not handled or not allowed
2025-10-30 05:18:06,122 [scrapy.core.engine] DEBUG: Crawled (403) <GET https://sec.douban.com/b?r=https%3A%2F%2Fmovie.douban.com%2Fsubject%2F1291557%2F> (referer: https://movie.douban.com/top250?start=125&filter=)
2025-10-30 05:18:06,223 [scrapy.spidermiddlewares.httperror] INFO: Ignoring response <403 https://sec.douban.com/b?r=https%3A%2F%2Fmovie.douban.com%2Fsubject%2F1291557%2F>: HTTP status code is not handled or not allowed
2025-10-30 05:18:08,863 [scrapy.core.engine] DEBUG: Crawled (403) <GET https://sec.douban.com/b?r=https%3A%2F%2Fmovie.douban.com%2Fsubject%2F2353023%2F> (referer: https://movie.douban.com/top250?start=125&filter=)
2025-10-30 05:18:08,964 [scrapy.spidermiddlewares.httperror] INFO: Ignoring response <403 https://sec.douban.com/b?r=https%3A%2F%2Fmovie.douban.com%2Fsubject%2F2353023%2F>: HTTP status code is not handled or not allowed
2025-10-30 05:18:11,508 [scrapy.core.engine] DEBUG: Crawled (403) <GET https://sec.douban.com/b?r=https%3A%2F%2Fmovie.douban.com%2Fsubject%2F1297447%2F> (referer: https://movie.douban.com/top250?start=125&filter=)
2025-10-30 05:18:11,609 [scrapy.spidermiddlewares.httperror] INFO: Ignoring response <403 https://sec.douban.com/b?r=https%3A%2F%2Fmovie.douban.com%2Fsubject%2F1297447%2F>: HTTP status code is not handled or not allowed
2025-10-30 05:18:14,421 [scrapy.core.engine] DEBUG: Crawled (403) <GET https://sec.douban.com/b?r=https%3A%2F%2Fmovie.douban.com%2Fsubject%2F1292337%2F> (referer: https://movie.douban.com/top250?start=125&filter=)
2025-10-30 05:18:14,522 [scrapy.spidermiddlewares.httperror] INFO: Ignoring response <403 https://sec.douban.com/b?r=https%3A%2F%2Fmovie.douban.com%2Fsubject%2F1292337%2F>: HTTP status code is not handled or not allowed
2025-10-30 05:18:16,259 [scrapy.core.engine] DEBUG: Crawled (403) <GET https://sec.douban.com/b?r=https%3A%2F%2Fmovie.douban.com%2Fsubject%2F1296339%2F> (referer: https://movie.douban.com/top250?start=100&filter=)
2025-10-30 05:18:16,360 [scrapy.spidermiddlewares.httperror] INFO: Ignoring response <403 https://sec.douban.com/b?r=https%3A%2F%2Fmovie.douban.com%2Fsubject%2F1296339%2F>: HTTP status code is not handled or not allowed
2025-10-30 05:18:18,124 [scrapy.extensions.logstats] INFO: Crawled 225 pages (at 7 pages/min), scraped 0 items (at 0 items/min)
2025-10-30 05:18:18,903 [scrapy.core.engine] DEBUG: Crawled (403) <GET https://sec.douban.com/b?r=https%3A%2F%2Fmovie.douban.com%2Fsubject%2F11026735%2F> (referer: https://movie.douban.com/top250?start=100&filter=)
2025-10-30 05:18:19,005 [scrapy.spidermiddlewares.httperror] INFO: Ignoring response <403 https://sec.douban.com/b?r=https%3A%2F%2Fmovie.douban.com%2Fsubject%2F11026735%2F>: HTTP status code is not handled or not allowed
2025-10-30 05:18:21,802 [scrapy.core.engine] DEBUG: Crawled (403) <GET https://sec.douban.com/b?r=https%3A%2F%2Fmovie.douban.com%2Fsubject%2F10777687%2F> (referer: https://movie.douban.com/top250?start=100&filter=)
2025-10-30 05:18:21,903 [scrapy.spidermiddlewares.httperror] INFO: Ignoring response <403 https://sec.douban.com/b?r=https%3A%2F%2Fmovie.douban.com%2Fsubject%2F10777687%2F>: HTTP status code is not handled or not allowed
2025-10-30 05:18:24,534 [scrapy.core.engine] DEBUG: Crawled (403) <GET https://sec.douban.com/b?r=https%3A%2F%2Fmovie.douban.com%2Fsubject%2F1428581%2F> (referer: https://movie.douban.com/top250?start=100&filter=)
2025-10-30 05:18:24,636 [scrapy.spidermiddlewares.httperror] INFO: Ignoring response <403 https://sec.douban.com/b?r=https%3A%2F%2Fmovie.douban.com%2Fsubject%2F1428581%2F>: HTTP status code is not handled or not allowed
2025-10-30 05:18:27,350 [scrapy.core.engine] DEBUG: Crawled (403) <GET https://sec.douban.com/b?r=https%3A%2F%2Fmovie.douban.com%2Fsubject%2F27010768%2F> (referer: https://movie.douban.com/top250?start=100&filter=)
2025-10-30 05:18:27,452 [scrapy.spidermiddlewares.httperror] INFO: Ignoring response <403 https://sec.douban.com/b?r=https%3A%2F%2Fmovie.douban.com%2Fsubject%2F27010768%2F>: HTTP status code is not handled or not allowed
2025-10-30 05:18:30,320 [scrapy.core.engine] DEBUG: Crawled (403) <GET https://sec.douban.com/b?r=https%3A%2F%2Fmovie.douban.com%2Fsubject%2F3395373%2F> (referer: https://movie.douban.com/top250?start=100&filter=)
2025-10-30 05:18:30,421 [scrapy.spidermiddlewares.httperror] INFO: Ignoring response <403 https://sec.douban.com/b?r=https%3A%2F%2Fmovie.douban.com%2Fsubject%2F3395373%2F>: HTTP status code is not handled or not allowed
2025-10-30 05:18:32,788 [scrapy.core.engine] DEBUG: Crawled (403) <GET https://sec.douban.com/b?r=https%3A%2F%2Fmovie.douban.com%2Fsubject%2F1305164%2F> (referer: https://movie.douban.com/top250?start=100&filter=)
2025-10-30 05:18:32,889 [scrapy.spidermiddlewares.httperror] INFO: Ignoring response <403 https://sec.douban.com/b?r=https%3A%2F%2Fmovie.douban.com%2Fsubject%2F1305164%2F>: HTTP status code is not handled or not allowed
2025-10-30 05:18:34,620 [scrapy.core.engine] DEBUG: Crawled (403) <GET https://sec.douban.com/b?r=https%3A%2F%2Fmovie.douban.com%2Fsubject%2F1297359%2F> (referer: https://movie.douban.com/top250?start=100&filter=)
2025-10-30 05:18:34,722 [scrapy.spidermiddlewares.httperror] INFO: Ignoring response <403 https://sec.douban.com/b?r=https%3A%2F%2Fmovie.douban.com%2Fsubject%2F1297359%2F>: HTTP status code is not handled or not allowed
2025-10-30 05:18:36,316 [scrapy.core.engine] DEBUG: Crawled (403) <GET https://sec.douban.com/b?r=https%3A%2F%2Fmovie.douban.com%2Fsubject%2F6985810%2F> (referer: https://movie.douban.com/top250?start=100&filter=)
2025-10-30 05:18:36,418 [scrapy.spidermiddlewares.httperror] INFO: Ignoring response <403 https://sec.douban.com/b?r=https%3A%2F%2Fmovie.douban.com%2Fsubject%2F6985810%2F>: HTTP status code is not handled or not allowed
2025-10-30 05:18:39,289 [scrapy.core.engine] DEBUG: Crawled (403) <GET https://sec.douban.com/b?r=https%3A%2F%2Fmovie.douban.com%2Fsubject%2F1780330%2F> (referer: https://movie.douban.com/top250?start=75&filter=)
2025-10-30 05:18:39,390 [scrapy.spidermiddlewares.httperror] INFO: Ignoring response <403 https://sec.douban.com/b?r=https%3A%2F%2Fmovie.douban.com%2Fsubject%2F1780330%2F>: HTTP status code is not handled or not allowed
2025-10-30 05:18:41,630 [scrapy.downloadermiddlewares.redirect] DEBUG: Redirecting (302) to <GET https://sec.douban.com/b?r=https%3A%2F%2Fmovie.douban.com%2Fsubject%2F1292656%2F> from <GET https://movie.douban.com/subject/1292656/>
2025-10-30 05:18:44,067 [scrapy.downloadermiddlewares.redirect] DEBUG: Redirecting (302) to <GET https://sec.douban.com/b?r=https%3A%2F%2Fmovie.douban.com%2Fsubject%2F2334904%2F> from <GET https://movie.douban.com/subject/2334904/>
2025-10-30 05:18:46,153 [scrapy.downloadermiddlewares.redirect] DEBUG: Redirecting (302) to <GET https://sec.douban.com/b?r=https%3A%2F%2Fmovie.douban.com%2Fsubject%2F1292343%2F> from <GET https://movie.douban.com/subject/1292343/>
2025-10-30 05:18:47,483 [scrapy.downloadermiddlewares.redirect] DEBUG: Redirecting (302) to <GET https://sec.douban.com/b?r=https%3A%2F%2Fmovie.douban.com%2Fsubject%2F11525673%2F> from <GET https://movie.douban.com/subject/11525673/>
2025-10-30 05:18:49,332 [scrapy.downloadermiddlewares.redirect] DEBUG: Redirecting (302) to <GET https://sec.douban.com/b?r=https%3A%2F%2Fmovie.douban.com%2Fsubject%2F1292224%2F> from <GET https://movie.douban.com/subject/1292224/>
2025-10-30 05:18:51,337 [scrapy.downloadermiddlewares.redirect] DEBUG: Redirecting (302) to <GET https://sec.douban.com/b?r=https%3A%2F%2Fmovie.douban.com%2Fsubject%2F1303021%2F> from <GET https://movie.douban.com/subject/1303021/>
2025-10-30 05:18:53,525 [scrapy.downloadermiddlewares.redirect] DEBUG: Redirecting (302) to <GET https://sec.douban.com/b?r=https%3A%2F%2Fmovie.douban.com%2Fsubject%2F1293544%2F> from <GET https://movie.douban.com/subject/1293544/>
2025-10-30 05:18:55,164 [scrapy.downloadermiddlewares.redirect] DEBUG: Redirecting (302) to <GET https://sec.douban.com/b?r=https%3A%2F%2Fmovie.douban.com%2Fsubject%2F1292849%2F> from <GET https://movie.douban.com/subject/1292849/>
2025-10-30 05:18:57,250 [scrapy.downloadermiddlewares.redirect] DEBUG: Redirecting (302) to <GET https://sec.douban.com/b?r=https%3A%2F%2Fmovie.douban.com%2Fsubject%2F1291828%2F> from <GET https://movie.douban.com/subject/1291828/>
2025-10-30 05:18:59,438 [scrapy.downloadermiddlewares.redirect] DEBUG: Redirecting (302) to <GET https://sec.douban.com/b?r=https%3A%2F%2Fmovie.douban.com%2Fsubject%2F1301753%2F> from <GET https://movie.douban.com/subject/1301753/>
2025-10-30 05:19:01,960 [scrapy.downloadermiddlewares.redirect] DEBUG: Redirecting (302) to <GET https://sec.douban.com/b?r=https%3A%2F%2Fmovie.douban.com%2Fsubject%2F1299131%2F> from <GET https://movie.douban.com/subject/1299131/>
2025-10-30 05:19:04,898 [scrapy.downloadermiddlewares.redirect] DEBUG: Redirecting (302) to <GET https://sec.douban.com/b?r=https%3A%2F%2Fmovie.douban.com%2Fsubject%2F1293839%2F> from <GET https://movie.douban.com/subject/1293839/>
2025-10-30 05:19:07,032 [scrapy.downloadermiddlewares.redirect] DEBUG: Redirecting (302) to <GET https://sec.douban.com/b?r=https%3A%2F%2Fmovie.douban.com%2Fsubject%2F1291571%2F> from <GET https://movie.douban.com/subject/1291571/>
2025-10-30 05:19:09,996 [scrapy.downloadermiddlewares.redirect] DEBUG: Redirecting (302) to <GET https://sec.douban.com/b?r=https%3A%2F%2Fmovie.douban.com%2Fsubject%2F1291843%2F> from <GET https://movie.douban.com/subject/1291843/>
2025-10-30 05:19:12,880 [scrapy.downloadermiddlewares.redirect] DEBUG: Redirecting (302) to <GET https://sec.douban.com/b?r=https%3A%2F%2Fmovie.douban.com%2Fsubject%2F1418019%2F> from <GET https://movie.douban.com/subject/1418019/>
2025-10-30 05:19:15,008 [scrapy.downloadermiddlewares.redirect] DEBUG: Redirecting (302) to <GET https://sec.douban.com/b?r=https%3A%2F%2Fmovie.douban.com%2Fsubject%2F27060077%2F> from <GET https://movie.douban.com/subject/27060077/>
2025-10-30 05:19:17,853 [scrapy.core.engine] DEBUG: Crawled (403) <GET https://sec.douban.com/b?r=https%3A%2F%2Fmovie.douban.com%2Fsubject%2F1292656%2F> (referer: https://movie.douban.com/top250?start=75&filter=)
2025-10-30 05:19:17,954 [scrapy.spidermiddlewares.httperror] INFO: Ignoring response <403 https://sec.douban.com/b?r=https%3A%2F%2Fmovie.douban.com%2Fsubject%2F1292656%2F>: HTTP status code is not handled or not allowed
2025-10-30 05:19:18,124 [scrapy.extensions.logstats] INFO: Crawled 235 pages (at 10 pages/min), scraped 0 items (at 0 items/min)
2025-10-30 05:19:20,474 [scrapy.core.engine] DEBUG: Crawled (403) <GET https://sec.douban.com/b?r=https%3A%2F%2Fmovie.douban.com%2Fsubject%2F2334904%2F> (referer: https://movie.douban.com/top250?start=75&filter=)
2025-10-30 05:19:20,575 [scrapy.spidermiddlewares.httperror] INFO: Ignoring response <403 https://sec.douban.com/b?r=https%3A%2F%2Fmovie.douban.com%2Fsubject%2F2334904%2F>: HTTP status code is not handled or not allowed
2025-10-30 05:19:23,428 [scrapy.core.engine] DEBUG: Crawled (403) <GET https://sec.douban.com/b?r=https%3A%2F%2Fmovie.douban.com%2Fsubject%2F1292343%2F> (referer: https://movie.douban.com/top250?start=75&filter=)
2025-10-30 05:19:23,529 [scrapy.spidermiddlewares.httperror] INFO: Ignoring response <403 https://sec.douban.com/b?r=https%3A%2F%2Fmovie.douban.com%2Fsubject%2F1292343%2F>: HTTP status code is not handled or not allowed
2025-10-30 05:19:25,586 [scrapy.core.engine] DEBUG: Crawled (403) <GET https://sec.douban.com/b?r=https%3A%2F%2Fmovie.douban.com%2Fsubject%2F11525673%2F> (referer: https://movie.douban.com/top250?start=75&filter=)
2025-10-30 05:19:25,687 [scrapy.spidermiddlewares.httperror] INFO: Ignoring response <403 https://sec.douban.com/b?r=https%3A%2F%2Fmovie.douban.com%2Fsubject%2F11525673%2F>: HTTP status code is not handled or not allowed
2025-10-30 05:19:28,129 [scrapy.core.engine] DEBUG: Crawled (403) <GET https://sec.douban.com/b?r=https%3A%2F%2Fmovie.douban.com%2Fsubject%2F1292224%2F> (referer: https://movie.douban.com/top250?start=75&filter=)
2025-10-30 05:19:28,230 [scrapy.spidermiddlewares.httperror] INFO: Ignoring response <403 https://sec.douban.com/b?r=https%3A%2F%2Fmovie.douban.com%2Fsubject%2F1292224%2F>: HTTP status code is not handled or not allowed
2025-10-30 05:19:31,052 [scrapy.core.engine] DEBUG: Crawled (403) <GET https://sec.douban.com/b?r=https%3A%2F%2Fmovie.douban.com%2Fsubject%2F1303021%2F> (referer: https://movie.douban.com/top250?start=75&filter=)
2025-10-30 05:19:31,153 [scrapy.spidermiddlewares.httperror] INFO: Ignoring response <403 https://sec.douban.com/b?r=https%3A%2F%2Fmovie.douban.com%2Fsubject%2F1303021%2F>: HTTP status code is not handled or not allowed
2025-10-30 05:19:34,042 [scrapy.core.engine] DEBUG: Crawled (403) <GET https://sec.douban.com/b?r=https%3A%2F%2Fmovie.douban.com%2Fsubject%2F1293544%2F> (referer: https://movie.douban.com/top250?start=75&filter=)
2025-10-30 05:19:34,144 [scrapy.spidermiddlewares.httperror] INFO: Ignoring response <403 https://sec.douban.com/b?r=https%3A%2F%2Fmovie.douban.com%2Fsubject%2F1293544%2F>: HTTP status code is not handled or not allowed
2025-10-30 05:19:36,078 [scrapy.core.engine] DEBUG: Crawled (403) <GET https://sec.douban.com/b?r=https%3A%2F%2Fmovie.douban.com%2Fsubject%2F1292849%2F> (referer: https://movie.douban.com/top250?start=75&filter=)
2025-10-30 05:19:36,179 [scrapy.spidermiddlewares.httperror] INFO: Ignoring response <403 https://sec.douban.com/b?r=https%3A%2F%2Fmovie.douban.com%2Fsubject%2F1292849%2F>: HTTP status code is not handled or not allowed
2025-10-30 05:19:39,060 [scrapy.core.engine] DEBUG: Crawled (403) <GET https://sec.douban.com/b?r=https%3A%2F%2Fmovie.douban.com%2Fsubject%2F1291828%2F> (referer: https://movie.douban.com/top250?start=50&filter=)
2025-10-30 05:19:39,161 [scrapy.spidermiddlewares.httperror] INFO: Ignoring response <403 https://sec.douban.com/b?r=https%3A%2F%2Fmovie.douban.com%2Fsubject%2F1291828%2F>: HTTP status code is not handled or not allowed
2025-10-30 05:19:42,047 [scrapy.core.engine] DEBUG: Crawled (403) <GET https://sec.douban.com/b?r=https%3A%2F%2Fmovie.douban.com%2Fsubject%2F1301753%2F> (referer: https://movie.douban.com/top250?start=50&filter=)
2025-10-30 05:19:42,148 [scrapy.spidermiddlewares.httperror] INFO: Ignoring response <403 https://sec.douban.com/b?r=https%3A%2F%2Fmovie.douban.com%2Fsubject%2F1301753%2F>: HTTP status code is not handled or not allowed
2025-10-30 05:19:44,341 [scrapy.core.engine] DEBUG: Crawled (403) <GET https://sec.douban.com/b?r=https%3A%2F%2Fmovie.douban.com%2Fsubject%2F1299131%2F> (referer: https://movie.douban.com/top250?start=50&filter=)
2025-10-30 05:19:44,442 [scrapy.spidermiddlewares.httperror] INFO: Ignoring response <403 https://sec.douban.com/b?r=https%3A%2F%2Fmovie.douban.com%2Fsubject%2F1299131%2F>: HTTP status code is not handled or not allowed
2025-10-30 05:19:46,613 [scrapy.core.engine] DEBUG: Crawled (403) <GET https://sec.douban.com/b?r=https%3A%2F%2Fmovie.douban.com%2Fsubject%2F1293839%2F> (referer: https://movie.douban.com/top250?start=50&filter=)
2025-10-30 05:19:46,714 [scrapy.spidermiddlewares.httperror] INFO: Ignoring response <403 https://sec.douban.com/b?r=https%3A%2F%2Fmovie.douban.com%2Fsubject%2F1293839%2F>: HTTP status code is not handled or not allowed
2025-10-30 05:19:48,798 [scrapy.core.engine] DEBUG: Crawled (403) <GET https://sec.douban.com/b?r=https%3A%2F%2Fmovie.douban.com%2Fsubject%2F1291571%2F> (referer: https://movie.douban.com/top250?start=50&filter=)
2025-10-30 05:19:48,899 [scrapy.spidermiddlewares.httperror] INFO: Ignoring response <403 https://sec.douban.com/b?r=https%3A%2F%2Fmovie.douban.com%2Fsubject%2F1291571%2F>: HTTP status code is not handled or not allowed
2025-10-30 05:19:51,753 [scrapy.core.engine] DEBUG: Crawled (403) <GET https://sec.douban.com/b?r=https%3A%2F%2Fmovie.douban.com%2Fsubject%2F1291843%2F> (referer: https://movie.douban.com/top250?start=50&filter=)
2025-10-30 05:19:51,855 [scrapy.spidermiddlewares.httperror] INFO: Ignoring response <403 https://sec.douban.com/b?r=https%3A%2F%2Fmovie.douban.com%2Fsubject%2F1291843%2F>: HTTP status code is not handled or not allowed
2025-10-30 05:19:54,582 [scrapy.core.engine] DEBUG: Crawled (403) <GET https://sec.douban.com/b?r=https%3A%2F%2Fmovie.douban.com%2Fsubject%2F1418019%2F> (referer: https://movie.douban.com/top250?start=50&filter=)
2025-10-30 05:19:54,683 [scrapy.spidermiddlewares.httperror] INFO: Ignoring response <403 https://sec.douban.com/b?r=https%3A%2F%2Fmovie.douban.com%2Fsubject%2F1418019%2F>: HTTP status code is not handled or not allowed
2025-10-30 05:19:57,526 [scrapy.core.engine] DEBUG: Crawled (403) <GET https://sec.douban.com/b?r=https%3A%2F%2Fmovie.douban.com%2Fsubject%2F27060077%2F> (referer: https://movie.douban.com/top250?start=50&filter=)
2025-10-30 05:19:57,628 [scrapy.spidermiddlewares.httperror] INFO: Ignoring response <403 https://sec.douban.com/b?r=https%3A%2F%2Fmovie.douban.com%2Fsubject%2F27060077%2F>: HTTP status code is not handled or not allowed
2025-10-30 05:19:59,703 [scrapy.downloadermiddlewares.redirect] DEBUG: Redirecting (302) to <GET https://sec.douban.com/b?r=https%3A%2F%2Fmovie.douban.com%2Fsubject%2F1298624%2F> from <GET https://movie.douban.com/subject/1298624/>
2025-10-30 05:20:01,575 [scrapy.downloadermiddlewares.redirect] DEBUG: Redirecting (302) to <GET https://sec.douban.com/b?r=https%3A%2F%2Fmovie.douban.com%2Fsubject%2F1300267%2F> from <GET https://movie.douban.com/subject/1300267/>
2025-10-30 05:20:03,913 [scrapy.downloadermiddlewares.redirect] DEBUG: Redirecting (302) to <GET https://sec.douban.com/b?r=https%3A%2F%2Fmovie.douban.com%2Fsubject%2F26752088%2F> from <GET https://movie.douban.com/subject/26752088/>
2025-10-30 05:20:06,893 [scrapy.downloadermiddlewares.redirect] DEBUG: Redirecting (302) to <GET https://sec.douban.com/b?r=https%3A%2F%2Fmovie.douban.com%2Fsubject%2F1291552%2F> from <GET https://movie.douban.com/subject/1291552/>
2025-10-30 05:20:09,701 [scrapy.downloadermiddlewares.redirect] DEBUG: Redirecting (302) to <GET https://sec.douban.com/b?r=https%3A%2F%2Fmovie.douban.com%2Fsubject%2F1851857%2F> from <GET https://movie.douban.com/subject/1851857/>
2025-10-30 05:20:12,455 [scrapy.downloadermiddlewares.redirect] DEBUG: Redirecting (302) to <GET https://sec.douban.com/b?r=https%3A%2F%2Fmovie.douban.com%2Fsubject%2F3319755%2F> from <GET https://movie.douban.com/subject/3319755/>
2025-10-30 05:20:14,901 [scrapy.downloadermiddlewares.redirect] DEBUG: Redirecting (302) to <GET https://sec.douban.com/b?r=https%3A%2F%2Fmovie.douban.com%2Fsubject%2F1292365%2F> from <GET https://movie.douban.com/subject/1292365/>
2025-10-30 05:20:17,027 [scrapy.downloadermiddlewares.redirect] DEBUG: Redirecting (302) to <GET https://sec.douban.com/b?r=https%3A%2F%2Fmovie.douban.com%2Fsubject%2F1291560%2F> from <GET https://movie.douban.com/subject/1291560/>
2025-10-30 05:20:18,123 [scrapy.extensions.logstats] INFO: Crawled 250 pages (at 15 pages/min), scraped 0 items (at 0 items/min)
2025-10-30 05:20:18,334 [scrapy.downloadermiddlewares.redirect] DEBUG: Redirecting (302) to <GET https://sec.douban.com/b?r=https%3A%2F%2Fmovie.douban.com%2Fsubject%2F1295038%2F> from <GET https://movie.douban.com/subject/1295038/>
2025-10-30 05:20:21,065 [scrapy.downloadermiddlewares.redirect] DEBUG: Redirecting (302) to <GET https://sec.douban.com/b?r=https%3A%2F%2Fmovie.douban.com%2Fsubject%2F1293172%2F> from <GET https://movie.douban.com/subject/1293172/>
2025-10-30 05:20:23,423 [scrapy.core.engine] DEBUG: Crawled (403) <GET https://sec.douban.com/b?r=https%3A%2F%2Fmovie.douban.com%2Fsubject%2F1298624%2F> (referer: https://movie.douban.com/top250?start=50&filter=)
2025-10-30 05:20:23,524 [scrapy.spidermiddlewares.httperror] INFO: Ignoring response <403 https://sec.douban.com/b?r=https%3A%2F%2Fmovie.douban.com%2Fsubject%2F1298624%2F>: HTTP status code is not handled or not allowed
2025-10-30 05:20:26,002 [scrapy.core.engine] DEBUG: Crawled (403) <GET https://sec.douban.com/b?r=https%3A%2F%2Fmovie.douban.com%2Fsubject%2F1300267%2F> (referer: https://movie.douban.com/top250?start=25&filter=)
2025-10-30 05:20:26,105 [scrapy.spidermiddlewares.httperror] INFO: Ignoring response <403 https://sec.douban.com/b?r=https%3A%2F%2Fmovie.douban.com%2Fsubject%2F1300267%2F>: HTTP status code is not handled or not allowed
2025-10-30 05:20:28,613 [scrapy.core.engine] DEBUG: Crawled (403) <GET https://sec.douban.com/b?r=https%3A%2F%2Fmovie.douban.com%2Fsubject%2F26752088%2F> (referer: https://movie.douban.com/top250?start=25&filter=)
2025-10-30 05:20:28,714 [scrapy.spidermiddlewares.httperror] INFO: Ignoring response <403 https://sec.douban.com/b?r=https%3A%2F%2Fmovie.douban.com%2Fsubject%2F26752088%2F>: HTTP status code is not handled or not allowed
2025-10-30 05:20:31,523 [scrapy.core.engine] DEBUG: Crawled (403) <GET https://sec.douban.com/b?r=https%3A%2F%2Fmovie.douban.com%2Fsubject%2F1291552%2F> (referer: https://movie.douban.com/top250?start=25&filter=)
2025-10-30 05:20:31,624 [scrapy.spidermiddlewares.httperror] INFO: Ignoring response <403 https://sec.douban.com/b?r=https%3A%2F%2Fmovie.douban.com%2Fsubject%2F1291552%2F>: HTTP status code is not handled or not allowed
2025-10-30 05:20:33,640 [scrapy.core.engine] DEBUG: Crawled (403) <GET https://sec.douban.com/b?r=https%3A%2F%2Fmovie.douban.com%2Fsubject%2F1851857%2F> (referer: https://movie.douban.com/top250?start=25&filter=)
2025-10-30 05:20:33,754 [scrapy.spidermiddlewares.httperror] INFO: Ignoring response <403 https://sec.douban.com/b?r=https%3A%2F%2Fmovie.douban.com%2Fsubject%2F1851857%2F>: HTTP status code is not handled or not allowed
2025-10-30 05:20:36,392 [scrapy.core.engine] DEBUG: Crawled (403) <GET https://sec.douban.com/b?r=https%3A%2F%2Fmovie.douban.com%2Fsubject%2F3319755%2F> (referer: https://movie.douban.com/top250?start=25&filter=)
2025-10-30 05:20:36,493 [scrapy.spidermiddlewares.httperror] INFO: Ignoring response <403 https://sec.douban.com/b?r=https%3A%2F%2Fmovie.douban.com%2Fsubject%2F3319755%2F>: HTTP status code is not handled or not allowed
2025-10-30 05:20:39,086 [scrapy.core.engine] DEBUG: Crawled (403) <GET https://sec.douban.com/b?r=https%3A%2F%2Fmovie.douban.com%2Fsubject%2F1292365%2F> (referer: https://movie.douban.com/top250?start=25&filter=)
2025-10-30 05:20:39,189 [scrapy.spidermiddlewares.httperror] INFO: Ignoring response <403 https://sec.douban.com/b?r=https%3A%2F%2Fmovie.douban.com%2Fsubject%2F1292365%2F>: HTTP status code is not handled or not allowed
2025-10-30 05:20:40,468 [scrapy.core.engine] DEBUG: Crawled (403) <GET https://sec.douban.com/b?r=https%3A%2F%2Fmovie.douban.com%2Fsubject%2F1291560%2F> (referer: https://movie.douban.com/top250?start=25&filter=)
2025-10-30 05:20:40,569 [scrapy.spidermiddlewares.httperror] INFO: Ignoring response <403 https://sec.douban.com/b?r=https%3A%2F%2Fmovie.douban.com%2Fsubject%2F1291560%2F>: HTTP status code is not handled or not allowed
2025-10-30 05:20:42,643 [scrapy.core.engine] DEBUG: Crawled (403) <GET https://sec.douban.com/b?r=https%3A%2F%2Fmovie.douban.com%2Fsubject%2F1295038%2F> (referer: https://movie.douban.com/top250?start=25&filter=)
2025-10-30 05:20:42,744 [scrapy.spidermiddlewares.httperror] INFO: Ignoring response <403 https://sec.douban.com/b?r=https%3A%2F%2Fmovie.douban.com%2Fsubject%2F1295038%2F>: HTTP status code is not handled or not allowed
2025-10-30 05:20:45,343 [scrapy.core.engine] DEBUG: Crawled (403) <GET https://sec.douban.com/b?r=https%3A%2F%2Fmovie.douban.com%2Fsubject%2F1293172%2F> (referer: https://movie.douban.com/top250?start=25&filter=)
2025-10-30 05:20:45,444 [scrapy.spidermiddlewares.httperror] INFO: Ignoring response <403 https://sec.douban.com/b?r=https%3A%2F%2Fmovie.douban.com%2Fsubject%2F1293172%2F>: HTTP status code is not handled or not allowed
2025-10-30 05:20:45,446 [scrapy.core.engine] INFO: Closing spider (finished)
2025-10-30 05:20:45,453 [movie_genre_spider] INFO: 成功保存 208 部电影数据到: movie_data_with_genres/movies_with_genres_20251030_052045.json
2025-10-30 05:20:45,453 [movie_genre_spider] INFO: ============================================================
2025-10-30 05:20:45,454 [movie_genre_spider] INFO: 电影类型统计:
2025-10-30 05:20:45,454 [movie_genre_spider] INFO: 总电影数: 208
2025-10-30 05:20:45,454 [movie_genre_spider] INFO: 发现类型数: 27
2025-10-30 05:20:45,454 [movie_genre_spider] INFO: 类型分布:
2025-10-30 05:20:45,460 [movie_genre_spider] INFO:   剧情: 152部 (73.1%)
2025-10-30 05:20:45,461 [movie_genre_spider] INFO:   喜剧: 46部 (22.1%)
2025-10-30 05:20:45,461 [movie_genre_spider] INFO:   爱情: 46部 (22.1%)
2025-10-30 05:20:45,461 [movie_genre_spider] INFO:   冒险: 41部 (19.7%)
2025-10-30 05:20:45,461 [movie_genre_spider] INFO:   犯罪: 36部 (17.3%)
2025-10-30 05:20:45,461 [movie_genre_spider] INFO:   奇幻: 35部 (16.8%)
2025-10-30 05:20:45,461 [movie_genre_spider] INFO:   动画: 34部 (16.3%)
2025-10-30 05:20:45,461 [movie_genre_spider] INFO:   惊悚: 28部 (13.5%)
2025-10-30 05:20:45,461 [movie_genre_spider] INFO:   悬疑: 27部 (13.0%)
2025-10-30 05:20:45,461 [movie_genre_spider] INFO:   动作: 26部 (12.5%)
2025-10-30 05:20:45,461 [movie_genre_spider] INFO:   科幻: 20部 (9.6%)
2025-10-30 05:20:45,461 [movie_genre_spider] INFO:   家庭: 15部 (7.2%)
2025-10-30 05:20:45,461 [movie_genre_spider] INFO:   战争: 13部 (6.2%)
2025-10-30 05:20:45,462 [movie_genre_spider] INFO:   传记: 13部 (6.2%)
2025-10-30 05:20:45,462 [movie_genre_spider] INFO:   同性: 8部 (3.8%)
2025-10-30 05:20:45,462 [movie_genre_spider] INFO: ============================================================
2025-10-30 05:20:45,462 [movie_genre_spider] INFO: 类型统计已保存到: movie_data_with_genres/genre_statistics.json
2025-10-30 05:20:45,463 [scrapy.statscollectors] INFO: Dumping Scrapy stats:
{'downloader/request_bytes': 108420,
 'downloader/request_count': 302,
 'downloader/request_method_count/GET': 302,
 'downloader/response_bytes': 5937621,
 'downloader/response_count': 302,
 'downloader/response_status_count/200': 218,
 'downloader/response_status_count/302': 42,
 'downloader/response_status_count/403': 42,
 'elapsed_time_seconds': 747.34048,
 'finish_reason': 'finished',
 'finish_time': datetime.datetime(2025, 10, 30, 12, 20, 45, 463108, tzinfo=datetime.timezone.utc),
 'httpcompression/response_bytes': 26656087,
 'httpcompression/response_count': 260,
 'httperror/response_ignored_count': 42,
 'httperror/response_ignored_status_count/403': 42,
 'log_count/INFO': 324,
 'log_count/WARNING': 1,
 'memusage/max': 101761024,
 'memusage/startup': 58732544,
 'request_depth_max': 10,
 'response_received_count': 260,
 'scheduler/dequeued': 302,
 'scheduler/dequeued/memory': 302,
 'scheduler/enqueued': 302,
 'scheduler/enqueued/memory': 302,
 'start_time': datetime.datetime(2025, 10, 30, 12, 8, 18, 122628, tzinfo=datetime.timezone.utc)}
2025-10-30 05:20:45,463 [scrapy.core.engine] INFO: Spider closed (finished)
2025-11-06 02:40:50,358 [scrapy.utils.log] INFO: Scrapy 2.11.2 started (bot: scrapybot)
2025-11-06 02:40:50,369 [scrapy.utils.log] INFO: Versions: lxml 6.0.2.0, libxml2 2.14.6, cssselect 1.2.0, parsel 1.9.1, w3lib 2.2.1, Twisted 25.5.0, Python 3.8.10 (default, Mar 18 2025, 20:04:55) - [GCC 9.4.0], pyOpenSSL 25.3.0 (OpenSSL 3.5.4 30 Sep 2025), cryptography 46.0.3, Platform Linux-5.15.0-139-generic-x86_64-with-glibc2.29
2025-11-06 02:40:50,371 [scrapy.addons] INFO: Enabled addons:
[]
2025-11-06 02:40:50,371 [py.warnings] WARNING: /home/hadoop/.local/lib/python3.8/site-packages/scrapy/utils/request.py:254: ScrapyDeprecationWarning: '2.6' is a deprecated value for the 'REQUEST_FINGERPRINTER_IMPLEMENTATION' setting.

It is also the default value. In other words, it is normal to get this warning if you have not defined a value for the 'REQUEST_FINGERPRINTER_IMPLEMENTATION' setting. This is so for backward compatibility reasons, but it will change in a future version of Scrapy.

See the documentation of the 'REQUEST_FINGERPRINTER_IMPLEMENTATION' setting for information on how to handle this deprecation.
  return cls(crawler)

2025-11-06 02:40:50,374 [scrapy.utils.log] DEBUG: Using reactor: twisted.internet.epollreactor.EPollReactor
2025-11-06 02:40:50,386 [scrapy.extensions.telnet] INFO: Telnet Password: d1ebe02d9f085a1a
2025-11-06 02:40:50,418 [scrapy.middleware] INFO: Enabled extensions:
['scrapy.extensions.corestats.CoreStats',
 'scrapy.extensions.telnet.TelnetConsole',
 'scrapy.extensions.memusage.MemoryUsage',
 'scrapy.extensions.logstats.LogStats']
2025-11-06 02:40:50,418 [scrapy.crawler] INFO: Overridden settings:
{'CONCURRENT_REQUESTS_PER_DOMAIN': 1,
 'DOWNLOAD_DELAY': 2,
 'LOG_LEVEL': 'INFO',
 'USER_AGENT': 'Mozilla/5.0 (Windows NT 10.0; Win64; x64) AppleWebKit/537.36'}
2025-11-06 02:40:50,501 [scrapy.middleware] INFO: Enabled downloader middlewares:
['scrapy.downloadermiddlewares.offsite.OffsiteMiddleware',
 'scrapy.downloadermiddlewares.httpauth.HttpAuthMiddleware',
 'scrapy.downloadermiddlewares.downloadtimeout.DownloadTimeoutMiddleware',
 'scrapy.downloadermiddlewares.defaultheaders.DefaultHeadersMiddleware',
 'scrapy.downloadermiddlewares.useragent.UserAgentMiddleware',
 'scrapy.downloadermiddlewares.retry.RetryMiddleware',
 'scrapy.downloadermiddlewares.redirect.MetaRefreshMiddleware',
 'scrapy.downloadermiddlewares.httpcompression.HttpCompressionMiddleware',
 'scrapy.downloadermiddlewares.redirect.RedirectMiddleware',
 'scrapy.downloadermiddlewares.cookies.CookiesMiddleware',
 'scrapy.downloadermiddlewares.httpproxy.HttpProxyMiddleware',
 'scrapy.downloadermiddlewares.stats.DownloaderStats']
2025-11-06 02:40:50,503 [scrapy.middleware] INFO: Enabled spider middlewares:
['scrapy.spidermiddlewares.httperror.HttpErrorMiddleware',
 'scrapy.spidermiddlewares.referer.RefererMiddleware',
 'scrapy.spidermiddlewares.urllength.UrlLengthMiddleware',
 'scrapy.spidermiddlewares.depth.DepthMiddleware']
2025-11-06 02:40:50,503 [scrapy.middleware] INFO: Enabled item pipelines:
[]
2025-11-06 02:40:50,503 [scrapy.core.engine] INFO: Spider opened
2025-11-06 02:40:50,508 [scrapy.extensions.logstats] INFO: Crawled 0 pages (at 0 pages/min), scraped 0 items (at 0 items/min)
2025-11-06 02:40:50,508 [scrapy.extensions.telnet] INFO: Telnet console listening on 127.0.0.1:6023
2025-11-06 02:40:50,730 [scrapy.core.engine] DEBUG: Crawled (200) <GET https://movie.douban.com/top250> (referer: https://movie.douban.com/)
2025-11-06 02:40:50,844 [movie_genre_spider] INFO: 转到下一页: https://movie.douban.com/top250?start=25&filter=
2025-11-06 02:40:52,946 [scrapy.core.engine] DEBUG: Crawled (200) <GET https://movie.douban.com/top250?start=25&filter=> (referer: https://movie.douban.com/top250)
2025-11-06 02:40:53,054 [movie_genre_spider] INFO: 转到下一页: https://movie.douban.com/top250?start=50&filter=
2025-11-06 02:40:55,991 [scrapy.core.engine] DEBUG: Crawled (200) <GET https://movie.douban.com/subject/1849031/> (referer: https://movie.douban.com/top250)
2025-11-06 02:40:56,098 [movie_genre_spider] INFO: 爬取电影: 当幸福来敲门 The Pursuit of Happyness - 类型: 家庭, 传记, 剧情
2025-11-06 02:40:57,804 [scrapy.core.engine] DEBUG: Crawled (200) <GET https://movie.douban.com/subject/1291841/> (referer: https://movie.douban.com/top250)
2025-11-06 02:40:57,910 [movie_genre_spider] INFO: 爬取电影: 教父 The Godfather - 类型: 犯罪, 剧情
2025-11-06 02:41:00,498 [scrapy.core.engine] DEBUG: Crawled (200) <GET https://movie.douban.com/subject/20495023/> (referer: https://movie.douban.com/top250)
2025-11-06 02:41:00,605 [movie_genre_spider] INFO: 爬取电影: 寻梦环游记 Coco - 类型: 音乐, 奇幻, 喜剧, 动画
2025-11-06 02:41:02,500 [scrapy.core.engine] DEBUG: Crawled (200) <GET https://movie.douban.com/subject/6786002/> (referer: https://movie.douban.com/top250)
2025-11-06 02:41:02,609 [movie_genre_spider] INFO: 爬取电影: 触不可及 Intouchables - 类型: 剧情, 喜剧
2025-11-06 02:41:04,638 [scrapy.core.engine] DEBUG: Crawled (200) <GET https://movie.douban.com/subject/5912992/> (referer: https://movie.douban.com/top250)
2025-11-06 02:41:04,742 [movie_genre_spider] INFO: 爬取电影: 熔炉 도가니 - 类型: 剧情
2025-11-06 02:41:06,968 [scrapy.core.engine] DEBUG: Crawled (200) <GET https://movie.douban.com/subject/1292213/> (referer: https://movie.douban.com/top250)
2025-11-06 02:41:07,073 [movie_genre_spider] INFO: 爬取电影: 大话西游之大圣娶亲 西遊記大結局之仙履奇緣 - 类型: 古装, 奇幻, 喜剧, 爱情
2025-11-06 02:41:08,826 [scrapy.core.engine] DEBUG: Crawled (200) <GET https://movie.douban.com/subject/1296141/> (referer: https://movie.douban.com/top250)
2025-11-06 02:41:08,934 [movie_genre_spider] INFO: 爬取电影: 控方证人 Witness for the Prosecution - 类型: 犯罪, 悬疑, 惊悚, 剧情
2025-11-06 02:41:11,276 [scrapy.core.engine] DEBUG: Crawled (200) <GET https://movie.douban.com/subject/1307914/> (referer: https://movie.douban.com/top250)
2025-11-06 02:41:11,381 [movie_genre_spider] INFO: 爬取电影: 无间道 無間道 - 类型: 犯罪, 惊悚, 剧情
2025-11-06 02:41:14,093 [scrapy.core.engine] DEBUG: Crawled (200) <GET https://movie.douban.com/subject/1291549/> (referer: https://movie.douban.com/top250)
2025-11-06 02:41:14,202 [movie_genre_spider] INFO: 爬取电影: 放牛班的春天 Les choristes - 类型: 音乐, 剧情
2025-11-06 02:41:16,789 [scrapy.core.engine] DEBUG: Crawled (200) <GET https://movie.douban.com/subject/2131459/> (referer: https://movie.douban.com/top250)
2025-11-06 02:41:16,896 [movie_genre_spider] INFO: 爬取电影: 机器人总动员 WALL·E - 类型: 冒险, 动画, 科幻
2025-11-06 02:41:16,896 [movie_genre_spider] INFO: 已爬取 10 部电影，发现 14 种类型
2025-11-06 02:41:18,816 [scrapy.core.engine] DEBUG: Crawled (200) <GET https://movie.douban.com/subject/3793023/> (referer: https://movie.douban.com/top250)
2025-11-06 02:41:18,924 [movie_genre_spider] INFO: 爬取电影: 三傻大闹宝莱坞 3 Idiots - 类型: 剧情, 歌舞, 喜剧, 爱情
2025-11-06 02:41:22,004 [scrapy.core.engine] DEBUG: Crawled (200) <GET https://movie.douban.com/subject/25662329/> (referer: https://movie.douban.com/top250)
2025-11-06 02:41:22,112 [movie_genre_spider] INFO: 爬取电影: 疯狂动物城 Zootopia - 类型: 冒险, 喜剧, 动画
2025-11-06 02:41:24,401 [scrapy.core.engine] DEBUG: Crawled (200) <GET https://movie.douban.com/subject/1292001/> (referer: https://movie.douban.com/top250)
2025-11-06 02:41:24,509 [movie_genre_spider] INFO: 爬取电影: 海上钢琴师 La leggenda del pianista sull'oceano - 类型: 音乐, 剧情
2025-11-06 02:41:25,958 [scrapy.core.engine] DEBUG: Crawled (200) <GET https://movie.douban.com/subject/3011091/> (referer: https://movie.douban.com/top250)
2025-11-06 02:41:26,065 [movie_genre_spider] INFO: 爬取电影: 忠犬八公的故事 Hachi: A Dog's Tale - 类型: 剧情
2025-11-06 02:41:29,113 [scrapy.core.engine] DEBUG: Crawled (200) <GET https://movie.douban.com/subject/1295124/> (referer: https://movie.douban.com/top250)
2025-11-06 02:41:29,221 [movie_genre_spider] INFO: 爬取电影: 辛德勒的名单 Schindler's List - 类型: 历史, 战争, 剧情
2025-11-06 02:41:31,452 [scrapy.core.engine] DEBUG: Crawled (200) <GET https://movie.douban.com/subject/1292064/> (referer: https://movie.douban.com/top250)
2025-11-06 02:41:31,560 [movie_genre_spider] INFO: 爬取电影: 楚门的世界 The Truman Show - 类型: 剧情, 科幻
2025-11-06 02:41:32,365 [scrapy.core.engine] DEBUG: Crawled (200) <GET https://movie.douban.com/top250?start=50&filter=> (referer: https://movie.douban.com/top250?start=25&filter=)
2025-11-06 02:41:32,477 [movie_genre_spider] INFO: 转到下一页: https://movie.douban.com/top250?start=75&filter=
2025-11-06 02:41:34,556 [scrapy.core.engine] DEBUG: Crawled (200) <GET https://movie.douban.com/subject/30170448/> (referer: https://movie.douban.com/top250?start=25&filter=)
2025-11-06 02:41:34,665 [movie_genre_spider] INFO: 爬取电影: 何以为家 كفرناحوم - 类型: 剧情
2025-11-06 02:41:37,077 [scrapy.core.engine] DEBUG: Crawled (200) <GET https://movie.douban.com/subject/1299398/> (referer: https://movie.douban.com/top250?start=25&filter=)
2025-11-06 02:41:37,184 [movie_genre_spider] INFO: 爬取电影: 大话西游之月光宝盒 西遊記第壹佰零壹回之月光寶盒 - 类型: 古装, 奇幻, 喜剧, 爱情
2025-11-06 02:41:39,146 [scrapy.core.engine] DEBUG: Crawled (200) <GET https://movie.douban.com/subject/1291548/> (referer: https://movie.douban.com/top250?start=25&filter=)
2025-11-06 02:41:39,252 [movie_genre_spider] INFO: 爬取电影: 死亡诗社 Dead Poets Society - 类型: 剧情
2025-11-06 02:41:42,277 [scrapy.core.engine] DEBUG: Crawled (200) <GET https://movie.douban.com/subject/1291572/> (referer: https://movie.douban.com/top250?start=25&filter=)
2025-11-06 02:41:42,384 [movie_genre_spider] INFO: 爬取电影: 指环王2：双塔奇兵 The Lord of the Rings: The Two Towers - 类型: 冒险, 奇幻, 剧情, 动作
2025-11-06 02:41:42,384 [movie_genre_spider] INFO: 已爬取 20 部电影，发现 18 种类型
2025-11-06 02:41:44,793 [scrapy.core.engine] DEBUG: Crawled (200) <GET https://movie.douban.com/subject/1296736/> (referer: https://movie.douban.com/top250?start=25&filter=)
2025-11-06 02:41:44,900 [movie_genre_spider] INFO: 爬取电影: 钢琴家 The Pianist - 类型: 音乐, 传记, 战争, 剧情
2025-11-06 02:41:47,639 [scrapy.core.engine] DEBUG: Crawled (200) <GET https://movie.douban.com/subject/1929463/> (referer: https://movie.douban.com/top250?start=25&filter=)
2025-11-06 02:41:47,746 [movie_genre_spider] INFO: 爬取电影: 少年派的奇幻漂流 Life of Pi - 类型: 冒险, 奇幻, 剧情
2025-11-06 02:41:50,199 [scrapy.core.engine] DEBUG: Crawled (200) <GET https://movie.douban.com/subject/26387939/> (referer: https://movie.douban.com/top250?start=25&filter=)
2025-11-06 02:41:50,306 [movie_genre_spider] INFO: 爬取电影: 摔跤吧！爸爸 Dangal - 类型: 家庭, 传记, 剧情, 运动
2025-11-06 02:41:50,509 [scrapy.extensions.logstats] INFO: Crawled 26 pages (at 26 pages/min), scraped 0 items (at 0 items/min)
2025-11-06 02:41:53,379 [scrapy.core.engine] DEBUG: Crawled (200) <GET https://movie.douban.com/subject/1291858/> (referer: https://movie.douban.com/top250?start=25&filter=)
2025-11-06 02:41:53,485 [movie_genre_spider] INFO: 爬取电影: 鬼子来了 - 类型: 剧情, 喜剧
2025-11-06 02:41:55,655 [scrapy.core.engine] DEBUG: Crawled (200) <GET https://movie.douban.com/subject/1291583/> (referer: https://movie.douban.com/top250?start=25&filter=)
2025-11-06 02:41:55,762 [movie_genre_spider] INFO: 爬取电影: 天空之城 天空の城ラピュタ - 类型: 冒险, 奇幻, 动画
2025-11-06 02:41:57,963 [scrapy.core.engine] DEBUG: Crawled (200) <GET https://movie.douban.com/subject/1305487/> (referer: https://movie.douban.com/top250?start=25&filter=)
2025-11-06 02:41:58,069 [movie_genre_spider] INFO: 爬取电影: 猫鼠游戏 Catch Me If You Can - 类型: 传记, 剧情, 犯罪
2025-11-06 02:42:00,542 [scrapy.core.engine] DEBUG: Crawled (200) <GET https://movie.douban.com/subject/25958717/> (referer: https://movie.douban.com/top250?start=25&filter=)
2025-11-06 02:42:00,648 [movie_genre_spider] INFO: 爬取电影: 海蒂和爷爷 Heidi - 类型: 家庭, 冒险, 剧情
2025-11-06 02:42:01,694 [scrapy.core.engine] DEBUG: Crawled (200) <GET https://movie.douban.com/subject/21937452/> (referer: https://movie.douban.com/top250?start=25&filter=)
2025-11-06 02:42:01,798 [movie_genre_spider] INFO: 爬取电影: 素媛 소원 - 类型: 剧情
2025-11-06 02:42:04,306 [scrapy.core.engine] DEBUG: Crawled (200) <GET https://movie.douban.com/subject/1293182/> (referer: https://movie.douban.com/top250?start=25&filter=)
2025-11-06 02:42:04,413 [movie_genre_spider] INFO: 爬取电影: 十二怒汉 12 Angry Men - 类型: 剧情
2025-11-06 02:42:06,942 [scrapy.core.engine] DEBUG: Crawled (200) <GET https://movie.douban.com/subject/1308807/> (referer: https://movie.douban.com/top250?start=25&filter=)
2025-11-06 02:42:07,049 [movie_genre_spider] INFO: 爬取电影: 哈尔的移动城堡 ハウルの動く城 - 类型: 冒险, 动画, 奇幻, 爱情
2025-11-06 02:42:07,050 [movie_genre_spider] INFO: 已爬取 30 部电影，发现 19 种类型
2025-11-06 02:42:09,633 [scrapy.core.engine] DEBUG: Crawled (200) <GET https://movie.douban.com/subject/3742360/> (referer: https://movie.douban.com/top250?start=25&filter=)
2025-11-06 02:42:09,739 [movie_genre_spider] INFO: 爬取电影: 让子弹飞 - 类型: 西部, 剧情, 喜剧, 动作
2025-11-06 02:42:13,047 [scrapy.core.engine] DEBUG: Crawled (200) <GET https://movie.douban.com/subject/2129039/> (referer: https://movie.douban.com/top250?start=25&filter=)
2025-11-06 02:42:13,154 [movie_genre_spider] INFO: 爬取电影: 飞屋环游记 Up - 类型: 冒险, 剧情, 喜剧, 动画
2025-11-06 02:42:14,274 [scrapy.core.engine] DEBUG: Crawled (200) <GET https://movie.douban.com/top250?start=75&filter=> (referer: https://movie.douban.com/top250?start=50&filter=)
2025-11-06 02:42:14,390 [movie_genre_spider] INFO: 转到下一页: https://movie.douban.com/top250?start=100&filter=
2025-11-06 02:42:17,139 [scrapy.core.engine] DEBUG: Crawled (200) <GET https://movie.douban.com/subject/26580232/> (referer: https://movie.douban.com/top250?start=50&filter=)
2025-11-06 02:42:17,244 [movie_genre_spider] INFO: 爬取电影: 看不见的客人 Contratiempo - 类型: 犯罪, 悬疑, 惊悚, 剧情
2025-11-06 02:42:19,627 [scrapy.core.engine] DEBUG: Crawled (200) <GET https://movie.douban.com/subject/1652587/> (referer: https://movie.douban.com/top250?start=50&filter=)
2025-11-06 02:42:19,734 [movie_genre_spider] INFO: 爬取电影: 阿凡达 Avatar - 类型: 科幻, 冒险, 动作
2025-11-06 02:42:21,690 [scrapy.core.engine] DEBUG: Crawled (200) <GET https://movie.douban.com/subject/1291544/> (referer: https://movie.douban.com/top250?start=50&filter=)
2025-11-06 02:42:21,798 [movie_genre_spider] INFO: 爬取电影: 哈利·波特与阿兹卡班的囚徒 Harry Potter and the Prisoner of Azkaban - 类型: 冒险, 奇幻
2025-11-06 02:42:23,780 [scrapy.core.engine] DEBUG: Crawled (200) <GET https://movie.douban.com/subject/1292402/> (referer: https://movie.douban.com/top250?start=50&filter=)
2025-11-06 02:42:23,889 [movie_genre_spider] INFO: 爬取电影: 西西里的美丽传说 Malèna - 类型: 情色, 战争, 剧情
2025-11-06 02:42:24,970 [scrapy.core.engine] DEBUG: Crawled (200) <GET https://movie.douban.com/subject/1291543/> (referer: https://movie.douban.com/top250?start=50&filter=)
2025-11-06 02:42:25,076 [movie_genre_spider] INFO: 爬取电影: 功夫 - 类型: 犯罪, 奇幻, 喜剧, 动作
2025-11-06 02:42:27,673 [scrapy.core.engine] DEBUG: Crawled (200) <GET https://movie.douban.com/subject/1294408/> (referer: https://movie.douban.com/top250?start=50&filter=)
2025-11-06 02:42:27,780 [movie_genre_spider] INFO: 爬取电影: 音乐之声 The Sound of Music - 类型: 传记, 剧情, 歌舞, 爱情
2025-11-06 02:42:30,534 [scrapy.core.engine] DEBUG: Crawled (200) <GET https://movie.douban.com/subject/1900841/> (referer: https://movie.douban.com/top250?start=50&filter=)
2025-11-06 02:42:30,641 [movie_genre_spider] INFO: 爬取电影: 窃听风暴 Das Leben der Anderen - 类型: 悬疑, 剧情
2025-11-06 02:42:31,252 [scrapy.core.engine] DEBUG: Crawled (200) <GET https://movie.douban.com/subject/1293350/> (referer: https://movie.douban.com/top250?start=50&filter=)
2025-11-06 02:42:31,357 [movie_genre_spider] INFO: 爬取电影: 两杆大烟枪 Lock, Stock and Two Smoking Barrels - 类型: 犯罪, 剧情, 喜剧
2025-11-06 02:42:31,357 [movie_genre_spider] INFO: 已爬取 40 部电影，发现 21 种类型
2025-11-06 02:42:33,251 [scrapy.core.engine] DEBUG: Crawled (200) <GET https://movie.douban.com/subject/3011235/> (referer: https://movie.douban.com/top250?start=50&filter=)
2025-11-06 02:42:33,359 [movie_genre_spider] INFO: 爬取电影: 哈利·波特与死亡圣器(下) Harry Potter and the Deathly Hallows: Part 2 - 类型: 冒险, 奇幻
2025-11-06 02:42:35,985 [scrapy.core.engine] DEBUG: Crawled (200) <GET https://movie.douban.com/subject/1292220/> (referer: https://movie.douban.com/top250?start=50&filter=)
2025-11-06 02:42:36,093 [movie_genre_spider] INFO: 爬取电影: 情书 Love Letter - 类型: 剧情, 爱情
2025-11-06 02:42:38,624 [scrapy.core.engine] DEBUG: Crawled (200) <GET https://movie.douban.com/subject/3008247/> (referer: https://movie.douban.com/top250?start=50&filter=)
2025-11-06 02:42:38,732 [movie_genre_spider] INFO: 爬取电影: 穿条纹睡衣的男孩 The Boy in the Striped Pajamas - 类型: 战争, 剧情
2025-11-06 02:42:41,551 [scrapy.core.engine] DEBUG: Crawled (200) <GET https://movie.douban.com/subject/1306029/> (referer: https://movie.douban.com/top250?start=50&filter=)
2025-11-06 02:42:41,658 [movie_genre_spider] INFO: 爬取电影: 美丽心灵 A Beautiful Mind - 类型: 传记, 剧情
2025-11-06 02:42:44,151 [scrapy.core.engine] DEBUG: Crawled (200) <GET https://movie.douban.com/subject/1292000/> (referer: https://movie.douban.com/top250?start=50&filter=)
2025-11-06 02:42:44,256 [movie_genre_spider] INFO: 爬取电影: 搏击俱乐部 Fight Club - 类型: 悬疑, 惊悚, 剧情, 动作
2025-11-06 02:42:46,941 [scrapy.core.engine] DEBUG: Crawled (200) <GET https://movie.douban.com/subject/1485260/> (referer: https://movie.douban.com/top250?start=50&filter=)
2025-11-06 02:42:47,049 [movie_genre_spider] INFO: 爬取电影: 本杰明·巴顿奇事 The Curious Case of Benjamin Button - 类型: 奇幻, 剧情, 爱情
2025-11-06 02:42:49,265 [scrapy.core.engine] DEBUG: Crawled (200) <GET https://movie.douban.com/subject/21937445/> (referer: https://movie.douban.com/top250?start=50&filter=)
2025-11-06 02:42:49,372 [movie_genre_spider] INFO: 爬取电影: 辩护人 변호인 - 类型: 剧情
2025-11-06 02:42:50,508 [scrapy.extensions.logstats] INFO: Crawled 51 pages (at 25 pages/min), scraped 0 items (at 0 items/min)
2025-11-06 02:42:51,786 [scrapy.core.engine] DEBUG: Crawled (200) <GET https://movie.douban.com/subject/1291818/> (referer: https://movie.douban.com/top250?start=50&filter=)
2025-11-06 02:42:51,893 [movie_genre_spider] INFO: 爬取电影: 饮食男女 飲食男女 - 类型: 家庭, 剧情
2025-11-06 02:42:52,522 [scrapy.core.engine] DEBUG: Crawled (200) <GET https://movie.douban.com/top250?start=100&filter=> (referer: https://movie.douban.com/top250?start=75&filter=)
2025-11-06 02:42:52,632 [movie_genre_spider] INFO: 转到下一页: https://movie.douban.com/top250?start=125&filter=
2025-11-06 02:42:55,343 [scrapy.core.engine] DEBUG: Crawled (200) <GET https://movie.douban.com/subject/1306249/> (referer: https://movie.douban.com/top250?start=75&filter=)
2025-11-06 02:42:55,450 [movie_genre_spider] INFO: 爬取电影: 唐伯虎点秋香 唐伯虎點秋香 - 类型: 古装, 喜剧, 爱情
2025-11-06 02:42:58,696 [scrapy.core.engine] DEBUG: Crawled (200) <GET https://movie.douban.com/subject/1292223/> (referer: https://movie.douban.com/top250?start=75&filter=)
2025-11-06 02:42:58,803 [movie_genre_spider] INFO: 爬取电影: 七宗罪 Se7en - 类型: 犯罪, 悬疑, 惊悚, 剧情
2025-11-06 02:42:58,803 [movie_genre_spider] INFO: 已爬取 50 部电影，发现 21 种类型
2025-11-06 02:43:00,424 [scrapy.core.engine] DEBUG: Crawled (200) <GET https://movie.douban.com/subject/1865703/> (referer: https://movie.douban.com/top250?start=75&filter=)
2025-11-06 02:43:00,532 [movie_genre_spider] INFO: 爬取电影: 红辣椒 パプリカ - 类型: 悬疑, 动画, 惊悚, 科幻
2025-11-06 02:43:03,067 [scrapy.core.engine] DEBUG: Crawled (200) <GET https://movie.douban.com/subject/1292262/> (referer: https://movie.douban.com/top250?start=75&filter=)
2025-11-06 02:43:03,174 [movie_genre_spider] INFO: 爬取电影: 美国往事 Once Upon a Time in America - 类型: 犯罪, 剧情
2025-11-06 02:43:05,559 [scrapy.core.engine] DEBUG: Crawled (200) <GET https://movie.douban.com/subject/1298070/> (referer: https://movie.douban.com/top250?start=75&filter=)
2025-11-06 02:43:05,664 [movie_genre_spider] INFO: 爬取电影: 加勒比海盗 Pirates of the Caribbean: The Curse of the Black Pearl - 类型: 冒险, 奇幻, 动作
2025-11-06 02:43:08,576 [scrapy.core.engine] DEBUG: Crawled (200) <GET https://movie.douban.com/subject/3442220/> (referer: https://movie.douban.com/top250?start=75&filter=)
2025-11-06 02:43:08,681 [movie_genre_spider] INFO: 爬取电影: 海豚湾 The Cove - 类型: 纪录片
2025-11-06 02:43:09,477 [scrapy.core.engine] DEBUG: Crawled (200) <GET https://movie.douban.com/subject/1292679/> (referer: https://movie.douban.com/top250?start=75&filter=)
2025-11-06 02:43:09,582 [movie_genre_spider] INFO: 爬取电影: 春光乍泄 春光乍洩 - 类型: 同性, 剧情, 爱情
2025-11-06 02:43:11,971 [scrapy.core.engine] DEBUG: Crawled (200) <GET https://movie.douban.com/subject/1297192/> (referer: https://movie.douban.com/top250?start=75&filter=)
2025-11-06 02:43:12,076 [movie_genre_spider] INFO: 爬取电影: 致命ID Identity - 类型: 悬疑, 惊悚, 剧情
2025-11-06 02:43:14,503 [scrapy.core.engine] DEBUG: Crawled (200) <GET https://movie.douban.com/subject/1300299/> (referer: https://movie.douban.com/top250?start=75&filter=)
2025-11-06 02:43:14,609 [movie_genre_spider] INFO: 爬取电影: 杀人回忆 살인의 추억 - 类型: 犯罪, 剧情, 悬疑, 惊悚, 动作
2025-11-06 02:43:15,626 [scrapy.core.engine] DEBUG: Crawled (200) <GET https://movie.douban.com/subject/1292434/> (referer: https://movie.douban.com/top250?start=75&filter=)
2025-11-06 02:43:15,731 [movie_genre_spider] INFO: 爬取电影: 一一 - 类型: 家庭, 剧情, 爱情
2025-11-06 02:43:18,378 [scrapy.core.engine] DEBUG: Crawled (200) <GET https://movie.douban.com/subject/1294371/> (referer: https://movie.douban.com/top250?start=75&filter=)
2025-11-06 02:43:18,485 [movie_genre_spider] INFO: 爬取电影: 摩登时代 Modern Times - 类型: 剧情, 喜剧, 爱情
2025-11-06 02:43:19,928 [scrapy.core.engine] DEBUG: Crawled (200) <GET https://movie.douban.com/subject/1302425/> (referer: https://movie.douban.com/top250?start=75&filter=)
2025-11-06 02:43:20,035 [movie_genre_spider] INFO: 爬取电影: 喜剧之王 喜劇之王 - 类型: 剧情, 喜剧, 爱情
2025-11-06 02:43:20,035 [movie_genre_spider] INFO: 已爬取 60 部电影，发现 23 种类型
2025-11-06 02:43:22,011 [scrapy.core.engine] DEBUG: Crawled (200) <GET https://movie.douban.com/subject/36445098/> (referer: https://movie.douban.com/top250?start=75&filter=)
2025-11-06 02:43:22,118 [movie_genre_spider] INFO: 爬取电影: 还有明天 C'è ancora domani - 类型: 历史, 剧情, 喜剧
2025-11-06 02:43:24,134 [scrapy.core.engine] DEBUG: Crawled (200) <GET https://movie.douban.com/subject/1296996/> (referer: https://movie.douban.com/top250?start=75&filter=)
2025-11-06 02:43:24,243 [movie_genre_spider] INFO: 爬取电影: 哈利·波特与密室 Harry Potter and the Chamber of Secrets - 类型: 冒险, 奇幻
2025-11-06 02:43:27,674 [scrapy.core.engine] DEBUG: Crawled (200) <GET https://movie.douban.com/subject/5322596/> (referer: https://movie.douban.com/top250?start=75&filter=)
2025-11-06 02:43:27,780 [movie_genre_spider] INFO: 爬取电影: 超脱 Detachment - 类型: 剧情
2025-11-06 02:43:29,230 [scrapy.core.engine] DEBUG: Crawled (200) <GET https://movie.douban.com/subject/1291832/> (referer: https://movie.douban.com/top250?start=75&filter=)
2025-11-06 02:43:29,338 [movie_genre_spider] INFO: 爬取电影: 低俗小说 Pulp Fiction - 类型: 犯罪, 剧情, 喜剧
2025-11-06 02:43:30,249 [scrapy.core.engine] DEBUG: Crawled (200) <GET https://movie.douban.com/top250?start=125&filter=> (referer: https://movie.douban.com/top250?start=100&filter=)
2025-11-06 02:43:30,363 [movie_genre_spider] INFO: 转到下一页: https://movie.douban.com/top250?start=150&filter=
2025-11-06 02:43:34,050 [scrapy.core.engine] DEBUG: Crawled (200) <GET https://movie.douban.com/subject/21318488/> (referer: https://movie.douban.com/top250?start=100&filter=)
2025-11-06 02:43:34,157 [movie_genre_spider] INFO: 爬取电影: 消失的爱人 Gone Girl - 类型: 犯罪, 悬疑, 惊悚, 剧情
2025-11-06 02:43:36,854 [scrapy.core.engine] DEBUG: Crawled (200) <GET https://movie.douban.com/subject/10577869/> (referer: https://movie.douban.com/top250?start=100&filter=)
2025-11-06 02:43:36,962 [movie_genre_spider] INFO: 爬取电影: 时空恋旅人 About Time - 类型: 奇幻, 喜剧, 爱情
2025-11-06 02:43:39,526 [scrapy.core.engine] DEBUG: Crawled (200) <GET https://movie.douban.com/subject/1294639/> (referer: https://movie.douban.com/top250?start=100&filter=)
2025-11-06 02:43:39,633 [movie_genre_spider] INFO: 爬取电影: 勇敢的心 Braveheart - 类型: 历史, 剧情, 动作, 传记, 战争
2025-11-06 02:43:42,579 [scrapy.core.engine] DEBUG: Crawled (200) <GET https://movie.douban.com/subject/1418834/> (referer: https://movie.douban.com/top250?start=100&filter=)
2025-11-06 02:43:42,688 [movie_genre_spider] INFO: 爬取电影: 断背山 Brokeback Mountain - 类型: 家庭, 同性, 剧情, 爱情
2025-11-06 02:43:44,892 [scrapy.core.engine] DEBUG: Crawled (200) <GET https://movie.douban.com/subject/1292370/> (referer: https://movie.douban.com/top250?start=100&filter=)
2025-11-06 02:43:45,000 [movie_genre_spider] INFO: 爬取电影: 剪刀手爱德华 Edward Scissorhands - 类型: 奇幻, 剧情, 爱情
2025-11-06 02:43:48,268 [scrapy.core.engine] DEBUG: Crawled (200) <GET https://movie.douban.com/subject/1293359/> (referer: https://movie.douban.com/top250?start=100&filter=)
2025-11-06 02:43:48,375 [movie_genre_spider] INFO: 爬取电影: 菊次郎的夏天 菊次郎の夏 - 类型: 剧情, 喜剧
2025-11-06 02:43:48,375 [movie_genre_spider] INFO: 已爬取 70 部电影，发现 23 种类型
2025-11-06 02:43:50,192 [scrapy.core.engine] DEBUG: Crawled (200) <GET https://movie.douban.com/subject/10533913/> (referer: https://movie.douban.com/top250?start=100&filter=)
2025-11-06 02:43:50,300 [movie_genre_spider] INFO: 爬取电影: 头脑特工队 Inside Out - 类型: 冒险, 喜剧, 动画
2025-11-06 02:43:50,508 [scrapy.extensions.logstats] INFO: Crawled 77 pages (at 26 pages/min), scraped 0 items (at 0 items/min)
2025-11-06 02:43:52,117 [scrapy.core.engine] DEBUG: Crawled (200) <GET https://movie.douban.com/subject/4202302/> (referer: https://movie.douban.com/top250?start=100&filter=)
2025-11-06 02:43:52,224 [movie_genre_spider] INFO: 爬取电影: 借东西的小人阿莉埃蒂 借りぐらしのアリエッティ - 类型: 冒险, 奇幻, 动画
2025-11-06 02:43:53,581 [scrapy.core.engine] DEBUG: Crawled (200) <GET https://movie.douban.com/subject/2149806/> (referer: https://movie.douban.com/top250?start=100&filter=)
2025-11-06 02:43:53,689 [movie_genre_spider] INFO: 爬取电影: 入殓师 おくりびと - 类型: 剧情
2025-11-06 02:43:56,556 [scrapy.core.engine] DEBUG: Crawled (200) <GET https://movie.douban.com/subject/1309055/> (referer: https://movie.douban.com/top250?start=100&filter=)
2025-11-06 02:43:56,664 [movie_genre_spider] INFO: 爬取电影: 哈利·波特与火焰杯 Harry Potter and the Goblet of Fire - 类型: 悬疑, 冒险, 奇幻
2025-11-06 02:43:58,868 [scrapy.core.engine] DEBUG: Crawled (200) <GET https://movie.douban.com/subject/1395091/> (referer: https://movie.douban.com/top250?start=100&filter=)
2025-11-06 02:43:58,977 [movie_genre_spider] INFO: 爬取电影: 未麻的部屋 Perfect Blue - 类型: 犯罪, 剧情, 悬疑, 惊悚, 动画
2025-11-06 02:44:01,937 [scrapy.core.engine] DEBUG: Crawled (200) <GET https://movie.douban.com/subject/1291999/> (referer: https://movie.douban.com/top250?start=100&filter=)
2025-11-06 02:44:02,045 [movie_genre_spider] INFO: 爬取电影: 重庆森林 重慶森林 - 类型: 剧情, 爱情
2025-11-06 02:44:04,088 [scrapy.core.engine] DEBUG: Crawled (200) <GET https://movie.douban.com/subject/1461403/> (referer: https://movie.douban.com/top250?start=100&filter=)
2025-11-06 02:44:04,197 [movie_genre_spider] INFO: 爬取电影: 茶馆 - 类型: 历史, 剧情
2025-11-06 02:44:06,515 [scrapy.core.engine] DEBUG: Crawled (200) <GET https://movie.douban.com/subject/1787291/> (referer: https://movie.douban.com/top250?start=100&filter=)
2025-11-06 02:44:06,621 [movie_genre_spider] INFO: 爬取电影: 被嫌弃的松子的一生 嫌われ松子の一生 - 类型: 剧情, 歌舞
2025-11-06 02:44:08,964 [scrapy.core.engine] DEBUG: Crawled (200) <GET https://movie.douban.com/subject/1291990/> (referer: https://movie.douban.com/top250?start=100&filter=)
2025-11-06 02:44:09,069 [movie_genre_spider] INFO: 爬取电影: 爱在日落黄昏时 Before Sunset - 类型: 剧情, 爱情
2025-11-06 02:44:10,842 [scrapy.core.engine] DEBUG: Crawled (200) <GET https://movie.douban.com/subject/1297630/> (referer: https://movie.douban.com/top250?start=100&filter=)
2025-11-06 02:44:10,950 [movie_genre_spider] INFO: 爬取电影: 第六感 The Sixth Sense - 类型: 悬疑, 惊悚, 剧情
2025-11-06 02:44:10,950 [movie_genre_spider] INFO: 已爬取 80 部电影，发现 23 种类型
2025-11-06 02:44:12,705 [scrapy.core.engine] DEBUG: Crawled (200) <GET https://movie.douban.com/top250?start=150&filter=> (referer: https://movie.douban.com/top250?start=125&filter=)
2025-11-06 02:44:12,818 [movie_genre_spider] INFO: 转到下一页: https://movie.douban.com/top250?start=175&filter=
2025-11-06 02:44:15,872 [scrapy.core.engine] DEBUG: Crawled (200) <GET https://movie.douban.com/subject/5989818/> (referer: https://movie.douban.com/top250?start=125&filter=)
2025-11-06 02:44:15,979 [movie_genre_spider] INFO: 爬取电影: 萤火之森 蛍火の杜へ - 类型: 动画, 奇幻, 剧情, 爱情
2025-11-06 02:44:18,863 [scrapy.core.engine] DEBUG: Crawled (200) <GET https://movie.douban.com/subject/3287562/> (referer: https://movie.douban.com/top250?start=125&filter=)
2025-11-06 02:44:18,970 [movie_genre_spider] INFO: 爬取电影: 神偷奶爸 Despicable Me - 类型: 冒险, 喜剧, 动画
2025-11-06 02:44:21,022 [scrapy.core.engine] DEBUG: Crawled (200) <GET https://movie.douban.com/subject/25814707/> (referer: https://movie.douban.com/top250?start=125&filter=)
2025-11-06 02:44:21,128 [movie_genre_spider] INFO: 爬取电影: 小森林 冬春篇 リトル・フォレスト 冬・春 - 类型: 剧情
2025-11-06 02:44:22,854 [scrapy.core.engine] DEBUG: Crawled (200) <GET https://movie.douban.com/subject/25986180/> (referer: https://movie.douban.com/top250?start=125&filter=)
2025-11-06 02:44:22,961 [movie_genre_spider] INFO: 爬取电影: 釜山行 부산행 - 类型: 惊悚, 灾难, 动作
2025-11-06 02:44:25,577 [scrapy.core.engine] DEBUG: Crawled (200) <GET https://movie.douban.com/subject/6307447/> (referer: https://movie.douban.com/top250?start=125&filter=)
2025-11-06 02:44:25,685 [movie_genre_spider] INFO: 爬取电影: 被解救的姜戈 Django Unchained - 类型: 西部, 冒险, 剧情, 动作
2025-11-06 02:44:27,737 [scrapy.core.engine] DEBUG: Crawled (200) <GET https://movie.douban.com/subject/1297518/> (referer: https://movie.douban.com/top250?start=125&filter=)
2025-11-06 02:44:27,845 [movie_genre_spider] INFO: 爬取电影: 九品芝麻官 - 类型: 古装, 剧情, 喜剧
2025-11-06 02:44:29,885 [scrapy.core.engine] DEBUG: Crawled (200) <GET https://movie.douban.com/subject/1292274/> (referer: https://movie.douban.com/top250?start=125&filter=)
2025-11-06 02:44:29,993 [movie_genre_spider] INFO: 爬取电影: 幸福终点站 The Terminal - 类型: 剧情, 喜剧, 爱情
2025-11-06 02:44:31,643 [scrapy.core.engine] DEBUG: Crawled (200) <GET https://movie.douban.com/subject/1307315/> (referer: https://movie.douban.com/top250?start=125&filter=)
2025-11-06 02:44:31,750 [movie_genre_spider] INFO: 爬取电影: 哪吒闹海 - 类型: 冒险, 奇幻, 动画
2025-11-06 02:44:34,924 [scrapy.core.engine] DEBUG: Crawled (200) <GET https://movie.douban.com/subject/26799731/> (referer: https://movie.douban.com/top250?start=125&filter=)
2025-11-06 02:44:35,032 [movie_genre_spider] INFO: 爬取电影: 请以你的名字呼唤我 Call Me by Your Name - 类型: 同性, 剧情, 爱情
2025-11-06 02:44:36,425 [scrapy.core.engine] DEBUG: Crawled (200) <GET https://movie.douban.com/subject/1294240/> (referer: https://movie.douban.com/top250?start=125&filter=)
2025-11-06 02:44:36,532 [movie_genre_spider] INFO: 爬取电影: 教父3 The Godfather: Part III - 类型: 犯罪, 剧情
2025-11-06 02:44:36,532 [movie_genre_spider] INFO: 已爬取 90 部电影，发现 24 种类型
2025-11-06 02:44:38,657 [scrapy.core.engine] DEBUG: Crawled (200) <GET https://movie.douban.com/subject/1297052/> (referer: https://movie.douban.com/top250?start=125&filter=)
2025-11-06 02:44:38,765 [movie_genre_spider] INFO: 爬取电影: 侧耳倾听 耳をすませば - 类型: 动画, 剧情, 爱情
2025-11-06 02:44:40,625 [scrapy.core.engine] DEBUG: Crawled (200) <GET https://movie.douban.com/subject/1828115/> (referer: https://movie.douban.com/top250?start=125&filter=)
2025-11-06 02:44:40,733 [movie_genre_spider] INFO: 爬取电影: 色，戒 - 类型: 情色, 剧情, 爱情
2025-11-06 02:44:43,530 [scrapy.core.engine] DEBUG: Crawled (200) <GET https://movie.douban.com/subject/1291579/> (referer: https://movie.douban.com/top250?start=125&filter=)
2025-11-06 02:44:43,637 [movie_genre_spider] INFO: 爬取电影: 怪兽电力公司 Monsters, Inc. - 类型: 冒险, 喜剧, 儿童, 奇幻, 动画
2025-11-06 02:44:46,334 [scrapy.core.engine] DEBUG: Crawled (200) <GET https://movie.douban.com/subject/1858711/> (referer: https://movie.douban.com/top250?start=125&filter=)
2025-11-06 02:44:46,440 [movie_genre_spider] INFO: 爬取电影: 玩具总动员3 Toy Story 3 - 类型: 冒险, 奇幻, 喜剧, 动画
2025-11-06 02:44:47,803 [scrapy.core.engine] DEBUG: Crawled (200) <GET https://movie.douban.com/subject/1292215/> (referer: https://movie.douban.com/top250?start=125&filter=)
2025-11-06 02:44:47,911 [movie_genre_spider] INFO: 爬取电影: 天使爱美丽 Le Fabuleux destin d'Amélie Poulain - 类型: 剧情, 喜剧, 爱情
2025-11-06 02:44:50,509 [scrapy.extensions.logstats] INFO: Crawled 102 pages (at 25 pages/min), scraped 0 items (at 0 items/min)
2025-11-06 02:44:50,567 [scrapy.core.engine] DEBUG: Crawled (200) <GET https://movie.douban.com/subject/26628357/> (referer: https://movie.douban.com/top250?start=125&filter=)
2025-11-06 02:44:50,674 [movie_genre_spider] INFO: 爬取电影: 一个叫欧维的男人决定去死 En man som heter Ove - 类型: 剧情
2025-11-06 02:44:52,167 [scrapy.core.engine] DEBUG: Crawled (200) <GET https://movie.douban.com/top250?start=175&filter=> (referer: https://movie.douban.com/top250?start=150&filter=)
2025-11-06 02:44:52,278 [movie_genre_spider] INFO: 转到下一页: https://movie.douban.com/top250?start=200&filter=
2025-11-06 02:44:55,453 [scrapy.core.engine] DEBUG: Crawled (200) <GET https://movie.douban.com/subject/1291992/> (referer: https://movie.douban.com/top250?start=150&filter=)
2025-11-06 02:44:55,559 [movie_genre_spider] INFO: 爬取电影: 末路狂花 Thelma & Louise - 类型: 犯罪, 惊悚, 剧情
2025-11-06 02:44:58,361 [scrapy.core.engine] DEBUG: Crawled (200) <GET https://movie.douban.com/subject/1307106/> (referer: https://movie.douban.com/top250?start=150&filter=)
2025-11-06 02:44:58,467 [movie_genre_spider] INFO: 爬取电影: 无间道2 無間道II - 类型: 犯罪, 惊悚, 剧情
2025-11-06 02:45:00,276 [scrapy.core.engine] DEBUG: Crawled (200) <GET https://movie.douban.com/subject/1907966/> (referer: https://movie.douban.com/top250?start=150&filter=)
2025-11-06 02:45:00,381 [movie_genre_spider] INFO: 爬取电影: 疯狂原始人 The Croods - 类型: 冒险, 喜剧, 动画
2025-11-06 02:45:02,283 [scrapy.core.engine] DEBUG: Crawled (200) <GET https://movie.douban.com/subject/1793929/> (referer: https://movie.douban.com/top250?start=150&filter=)
2025-11-06 02:45:02,389 [movie_genre_spider] INFO: 爬取电影: 达拉斯买家俱乐部 Dallas Buyers Club - 类型: 传记, 同性, 剧情
2025-11-06 02:45:02,389 [movie_genre_spider] INFO: 已爬取 100 部电影，发现 25 种类型
2025-11-06 02:45:04,377 [scrapy.core.engine] DEBUG: Crawled (200) <GET https://movie.douban.com/subject/1578507/> (referer: https://movie.douban.com/top250?start=150&filter=)
2025-11-06 02:45:04,483 [movie_genre_spider] INFO: 爬取电影: 谍影重重3 The Bourne Ultimatum - 类型: 悬疑, 惊悚, 动作
2025-11-06 02:45:07,763 [scrapy.core.engine] DEBUG: Crawled (200) <GET https://movie.douban.com/subject/26611804/> (referer: https://movie.douban.com/top250?start=150&filter=)
2025-11-06 02:45:07,869 [movie_genre_spider] INFO: 爬取电影: 三块广告牌 Three Billboards Outside Ebbing, Missouri - 类型: 犯罪, 剧情
2025-11-06 02:45:10,952 [scrapy.core.engine] DEBUG: Crawled (200) <GET https://movie.douban.com/subject/27119724/> (referer: https://movie.douban.com/top250?start=150&filter=)
2025-11-06 02:45:11,058 [movie_genre_spider] INFO: 爬取电影: 小丑 Joker - 类型: 犯罪, 惊悚, 剧情
2025-11-06 02:45:12,582 [scrapy.core.engine] DEBUG: Crawled (200) <GET https://movie.douban.com/subject/1417598/> (referer: https://movie.douban.com/top250?start=150&filter=)
2025-11-06 02:45:12,687 [movie_genre_spider] INFO: 爬取电影: 电锯惊魂 Saw - 类型: 悬疑, 惊悚, 恐怖
2025-11-06 02:45:14,838 [scrapy.core.engine] DEBUG: Crawled (200) <GET https://movie.douban.com/subject/1302467/> (referer: https://movie.douban.com/top250?start=150&filter=)
2025-11-06 02:45:14,943 [movie_genre_spider] INFO: 爬取电影: 黑客帝国3：矩阵革命 The Matrix Revolutions - 类型: 科幻, 动作
2025-11-06 02:45:17,925 [scrapy.core.engine] DEBUG: Crawled (200) <GET https://movie.douban.com/subject/21360417/> (referer: https://movie.douban.com/top250?start=150&filter=)
2025-11-06 02:45:18,029 [movie_genre_spider] INFO: 爬取电影: 恐怖直播 더 테러 라이브 - 类型: 犯罪, 悬疑, 剧情
2025-11-06 02:45:20,555 [scrapy.core.engine] DEBUG: Crawled (200) <GET https://movie.douban.com/subject/24733428/> (referer: https://movie.douban.com/top250?start=150&filter=)
2025-11-06 02:45:20,663 [movie_genre_spider] INFO: 爬取电影: 心灵奇旅 Soul - 类型: 音乐, 奇幻, 动画
2025-11-06 02:45:22,916 [scrapy.core.engine] DEBUG: Crawled (200) <GET https://movie.douban.com/subject/4917726/> (referer: https://movie.douban.com/top250?start=150&filter=)
2025-11-06 02:45:23,024 [movie_genre_spider] INFO: 爬取电影: 阳光姐妹淘 써니 - 类型: 剧情, 喜剧
2025-11-06 02:45:25,338 [scrapy.core.engine] DEBUG: Crawled (200) <GET https://movie.douban.com/subject/1307856/> (referer: https://movie.douban.com/top250?start=150&filter=)
2025-11-06 02:45:25,445 [movie_genre_spider] INFO: 爬取电影: 背靠背，脸对脸 - 类型: 剧情
2025-11-06 02:45:27,997 [scrapy.core.engine] DEBUG: Crawled (200) <GET https://movie.douban.com/subject/1306861/> (referer: https://movie.douban.com/top250?start=150&filter=)
2025-11-06 02:45:28,102 [movie_genre_spider] INFO: 爬取电影: 我是山姆 I Am Sam - 类型: 家庭, 剧情
2025-11-06 02:45:28,102 [movie_genre_spider] INFO: 已爬取 110 部电影，发现 26 种类型
2025-11-06 02:45:31,019 [scrapy.core.engine] DEBUG: Crawled (200) <GET https://movie.douban.com/subject/26683290/> (referer: https://movie.douban.com/top250?start=150&filter=)
2025-11-06 02:45:31,124 [movie_genre_spider] INFO: 爬取电影: 你的名字。 君の名は。 - 类型: 动画, 剧情, 爱情
2025-11-06 02:45:33,287 [scrapy.core.engine] DEBUG: Crawled (200) <GET https://movie.douban.com/subject/26325320/> (referer: https://movie.douban.com/top250?start=150&filter=)
2025-11-06 02:45:33,392 [movie_genre_spider] INFO: 爬取电影: 血战钢锯岭 Hacksaw Ridge - 类型: 传记, 历史, 战争, 剧情
2025-11-06 02:45:34,123 [scrapy.core.engine] DEBUG: Crawled (200) <GET https://movie.douban.com/top250?start=200&filter=> (referer: https://movie.douban.com/top250?start=175&filter=)
2025-11-06 02:45:34,234 [movie_genre_spider] INFO: 转到下一页: https://movie.douban.com/top250?start=225&filter=
2025-11-06 02:45:37,659 [scrapy.core.engine] DEBUG: Crawled (200) <GET https://movie.douban.com/subject/1297880/> (referer: https://movie.douban.com/top250?start=175&filter=)
2025-11-06 02:45:37,766 [movie_genre_spider] INFO: 爬取电影: 芙蓉镇 - 类型: 剧情, 爱情
2025-11-06 02:45:39,901 [scrapy.core.engine] DEBUG: Crawled (200) <GET https://movie.douban.com/subject/1959195/> (referer: https://movie.douban.com/top250?start=175&filter=)
2025-11-06 02:45:40,008 [movie_genre_spider] INFO: 爬取电影: 忠犬八公物语 ハチ公物語 - 类型: 剧情
2025-11-06 02:45:42,229 [scrapy.core.engine] DEBUG: Crawled (200) <GET https://movie.douban.com/subject/3792799/> (referer: https://movie.douban.com/top250?start=175&filter=)
2025-11-06 02:45:42,335 [movie_genre_spider] INFO: 爬取电影: 岁月神偷 歲月神偷 - 类型: 家庭, 剧情
2025-11-06 02:45:44,080 [scrapy.core.engine] DEBUG: Crawled (200) <GET https://movie.douban.com/subject/1307811/> (referer: https://movie.douban.com/top250?start=175&filter=)
2025-11-06 02:45:44,185 [movie_genre_spider] INFO: 爬取电影: 魔女宅急便 魔女の宅急便 - 类型: 冒险, 奇幻, 动画
2025-11-06 02:45:47,335 [scrapy.core.engine] DEBUG: Crawled (200) <GET https://movie.douban.com/subject/1310177/> (referer: https://movie.douban.com/top250?start=175&filter=)
2025-11-06 02:45:47,441 [movie_genre_spider] INFO: 爬取电影: 东京教父 東京ゴッドファーザーズ - 类型: 剧情, 喜剧, 动画
2025-11-06 02:45:49,370 [scrapy.core.engine] DEBUG: Crawled (200) <GET https://movie.douban.com/subject/1292329/> (referer: https://movie.douban.com/top250?start=175&filter=)
2025-11-06 02:45:49,476 [movie_genre_spider] INFO: 爬取电影: 牯岭街少年杀人事件 牯嶺街少年殺人事件 - 类型: 犯罪, 剧情
2025-11-06 02:45:50,509 [scrapy.extensions.logstats] INFO: Crawled 127 pages (at 25 pages/min), scraped 0 items (at 0 items/min)
2025-11-06 02:45:51,257 [scrapy.core.engine] DEBUG: Crawled (200) <GET https://movie.douban.com/subject/1291578/> (referer: https://movie.douban.com/top250?start=175&filter=)
2025-11-06 02:45:51,364 [movie_genre_spider] INFO: 爬取电影: 冰川时代 Ice Age - 类型: 冒险, 喜剧, 动画
2025-11-06 02:45:54,172 [scrapy.core.engine] DEBUG: Crawled (200) <GET https://movie.douban.com/subject/3011051/> (referer: https://movie.douban.com/top250?start=175&filter=)
2025-11-06 02:45:54,280 [movie_genre_spider] INFO: 爬取电影: 恐怖游轮 Triangle - 类型: 悬疑, 惊悚, 奇幻, 科幻
2025-11-06 02:45:54,280 [movie_genre_spider] INFO: 已爬取 120 部电影，发现 26 种类型
2025-11-06 02:45:57,173 [scrapy.core.engine] DEBUG: Crawled (200) <GET https://movie.douban.com/subject/27622447/> (referer: https://movie.douban.com/top250?start=175&filter=)
2025-11-06 02:45:57,279 [movie_genre_spider] INFO: 爬取电影: 小偷家族 万引き家族 - 类型: 家庭, 剧情, 犯罪
2025-11-06 02:45:58,435 [scrapy.core.engine] DEBUG: Crawled (200) <GET https://movie.douban.com/subject/6534248/> (referer: https://movie.douban.com/top250?start=175&filter=)
2025-11-06 02:45:58,545 [movie_genre_spider] INFO: 爬取电影: 无敌破坏王 Wreck-It Ralph - 类型: 冒险, 奇幻, 喜剧, 动画
2025-11-06 02:46:00,785 [scrapy.core.engine] DEBUG: Crawled (200) <GET https://movie.douban.com/subject/1291822/> (referer: https://movie.douban.com/top250?start=175&filter=)
2025-11-06 02:46:00,890 [movie_genre_spider] INFO: 爬取电影: 卢旺达饭店 Hotel Rwanda - 类型: 传记, 历史, 战争, 剧情
2025-11-06 02:46:03,604 [scrapy.core.engine] DEBUG: Crawled (200) <GET https://movie.douban.com/subject/35426925/> (referer: https://movie.douban.com/top250?start=175&filter=)
2025-11-06 02:46:03,711 [movie_genre_spider] INFO: 爬取电影: 机器人之梦 Robot Dreams - 类型: 音乐, 剧情, 动画
2025-11-06 02:46:05,371 [scrapy.core.engine] DEBUG: Crawled (200) <GET https://movie.douban.com/subject/1295409/> (referer: https://movie.douban.com/top250?start=175&filter=)
2025-11-06 02:46:05,477 [movie_genre_spider] INFO: 爬取电影: 纵横四海 縱橫四海 - 类型: 犯罪, 剧情, 喜剧, 动作
2025-11-06 02:46:07,986 [scrapy.core.engine] DEBUG: Crawled (200) <GET https://movie.douban.com/subject/1304447/> (referer: https://movie.douban.com/top250?start=175&filter=)
2025-11-06 02:46:08,095 [movie_genre_spider] INFO: 爬取电影: 记忆碎片 Memento - 类型: 犯罪, 悬疑, 惊悚, 剧情
2025-11-06 02:46:09,846 [scrapy.core.engine] DEBUG: Crawled (200) <GET https://movie.douban.com/subject/25917973/> (referer: https://movie.douban.com/top250?start=175&filter=)
2025-11-06 02:46:09,951 [movie_genre_spider] INFO: 爬取电影: 心迷宫 - 类型: 犯罪, 悬疑, 剧情
2025-11-06 02:46:13,062 [scrapy.core.engine] DEBUG: Crawled (200) <GET https://movie.douban.com/subject/1297574/> (referer: https://movie.douban.com/top250?start=175&filter=)
2025-11-06 02:46:13,167 [movie_genre_spider] INFO: 爬取电影: 英雄本色 - 类型: 犯罪, 剧情, 动作
2025-11-06 02:46:15,292 [scrapy.core.engine] DEBUG: Crawled (200) <GET https://movie.douban.com/top250?start=225&filter=> (referer: https://movie.douban.com/top250?start=200&filter=)
2025-11-06 02:46:18,614 [scrapy.core.engine] DEBUG: Crawled (200) <GET https://movie.douban.com/subject/1291870/> (referer: https://movie.douban.com/top250?start=200&filter=)
2025-11-06 02:46:18,719 [movie_genre_spider] INFO: 爬取电影: 雨人 Rain Man - 类型: 剧情
2025-11-06 02:46:21,108 [scrapy.core.engine] DEBUG: Crawled (200) <GET https://movie.douban.com/subject/1302827/> (referer: https://movie.douban.com/top250?start=200&filter=)
2025-11-06 02:46:21,214 [movie_genre_spider] INFO: 爬取电影: 人工智能 A.I. Artificial Intelligence - 类型: 剧情, 科幻
2025-11-06 02:46:21,214 [movie_genre_spider] INFO: 已爬取 130 部电影，发现 26 种类型
2025-11-06 02:46:23,550 [scrapy.core.engine] DEBUG: Crawled (200) <GET https://movie.douban.com/subject/1292287/> (referer: https://movie.douban.com/top250?start=200&filter=)
2025-11-06 02:46:23,656 [movie_genre_spider] INFO: 爬取电影: 新龙门客栈 新龍門客棧 - 类型: 古装, 爱情, 武侠, 动作
2025-11-06 02:46:25,930 [scrapy.core.engine] DEBUG: Crawled (200) <GET https://movie.douban.com/subject/4739952/> (referer: https://movie.douban.com/top250?start=200&filter=)
2025-11-06 02:46:26,038 [movie_genre_spider] INFO: 爬取电影: 初恋这件小事 สิ่งเล็กเล็กที่เรียกว่า...รัก - 类型: 剧情, 喜剧, 爱情
2025-11-06 02:46:27,807 [scrapy.core.engine] DEBUG: Crawled (200) <GET https://movie.douban.com/subject/1293323/> (referer: https://movie.douban.com/top250?start=200&filter=)
2025-11-06 02:46:27,913 [movie_genre_spider] INFO: 爬取电影: 大红灯笼高高挂 - 类型: 剧情
2025-11-06 02:46:29,765 [scrapy.core.engine] DEBUG: Crawled (200) <GET https://movie.douban.com/subject/1438652/> (referer: https://movie.douban.com/top250?start=200&filter=)
2025-11-06 02:46:29,873 [movie_genre_spider] INFO: 爬取电影: 无耻混蛋 Inglourious Basterds - 类型: 犯罪, 剧情
2025-11-06 02:46:31,881 [scrapy.core.engine] DEBUG: Crawled (200) <GET https://movie.douban.com/subject/1291844/> (referer: https://movie.douban.com/top250?start=200&filter=)
2025-11-06 02:46:31,986 [movie_genre_spider] INFO: 爬取电影: 终结者2：审判日 Terminator 2: Judgment Day - 类型: 科幻, 动作
2025-11-06 02:46:34,852 [scrapy.core.engine] DEBUG: Crawled (200) <GET https://movie.douban.com/subject/1978709/> (referer: https://movie.douban.com/top250?start=200&filter=)
2025-11-06 02:46:34,959 [movie_genre_spider] INFO: 爬取电影: 黑天鹅 Black Swan - 类型: 惊悚, 剧情
2025-11-06 02:46:37,869 [scrapy.core.engine] DEBUG: Crawled (200) <GET https://movie.douban.com/subject/2051007/> (referer: https://movie.douban.com/top250?start=200&filter=)
2025-11-06 02:46:37,977 [movie_genre_spider] INFO: 爬取电影: 哈利·波特与死亡圣器(上) Harry Potter and the Deathly Hallows: Part 1 - 类型: 冒险, 奇幻
2025-11-06 02:46:39,704 [scrapy.core.engine] DEBUG: Crawled (200) <GET https://movie.douban.com/subject/25934014/> (referer: https://movie.douban.com/top250?start=200&filter=)
2025-11-06 02:46:39,812 [movie_genre_spider] INFO: 爬取电影: 爱乐之城 La La Land - 类型: 剧情, 歌舞, 爱情
2025-11-06 02:46:41,697 [scrapy.core.engine] DEBUG: Crawled (200) <GET https://movie.douban.com/subject/1303394/> (referer: https://movie.douban.com/top250?start=200&filter=)
2025-11-06 02:46:41,802 [movie_genre_spider] INFO: 爬取电影: 青蛇 - 类型: 古装, 奇幻, 剧情, 爱情
2025-11-06 02:46:44,125 [scrapy.core.engine] DEBUG: Crawled (200) <GET https://movie.douban.com/subject/2133323/> (referer: https://movie.douban.com/top250?start=200&filter=)
2025-11-06 02:46:44,231 [movie_genre_spider] INFO: 爬取电影: 白日梦想家 The Secret Life of Walter Mitty - 类型: 冒险, 剧情, 喜剧
2025-11-06 02:46:44,231 [movie_genre_spider] INFO: 已爬取 140 部电影，发现 27 种类型
2025-11-06 02:46:47,306 [scrapy.core.engine] DEBUG: Crawled (200) <GET https://movie.douban.com/subject/25773932/> (referer: https://movie.douban.com/top250?start=200&filter=)
2025-11-06 02:46:47,411 [movie_genre_spider] INFO: 爬取电影: 爆裂鼓手 Whiplash - 类型: 音乐, 剧情
2025-11-06 02:46:50,508 [scrapy.extensions.logstats] INFO: Crawled 151 pages (at 24 pages/min), scraped 0 items (at 0 items/min)
2025-11-06 02:46:50,715 [scrapy.core.engine] DEBUG: Crawled (200) <GET https://movie.douban.com/subject/5300054/> (referer: https://movie.douban.com/top250?start=200&filter=)
2025-11-06 02:46:50,824 [movie_genre_spider] INFO: 爬取电影: 波西米亚狂想曲 Bohemian Rhapsody - 类型: 音乐, 传记, 同性, 剧情
2025-11-06 02:46:51,994 [scrapy.core.engine] DEBUG: Crawled (200) <GET https://movie.douban.com/subject/1292328/> (referer: https://movie.douban.com/top250?start=200&filter=)
2025-11-06 02:46:52,101 [movie_genre_spider] INFO: 爬取电影: 东邪西毒 東邪西毒 - 类型: 剧情, 动作, 爱情, 古装, 武侠
2025-11-06 02:46:53,336 [scrapy.core.engine] DEBUG: Crawled (200) <GET https://movie.douban.com/subject/1293908/> (referer: https://movie.douban.com/top250?start=200&filter=)
2025-11-06 02:46:53,442 [movie_genre_spider] INFO: 爬取电影: 城市之光 City Lights - 类型: 剧情, 喜剧, 爱情
2025-11-06 02:46:55,517 [scrapy.core.engine] DEBUG: Crawled (200) <GET https://movie.douban.com/subject/25977027/> (referer: https://movie.douban.com/top250?start=225&filter=)
2025-11-06 02:46:55,622 [movie_genre_spider] INFO: 爬取电影: 小姐 아가씨 - 类型: 悬疑, 情色, 同性, 剧情
2025-11-06 02:46:58,145 [scrapy.core.engine] DEBUG: Crawled (200) <GET https://movie.douban.com/subject/26615208/> (referer: https://movie.douban.com/top250?start=225&filter=)
2025-11-06 02:46:58,252 [movie_genre_spider] INFO: 爬取电影: 隐藏人物 Hidden Figures - 类型: 传记, 历史, 剧情
2025-11-06 02:47:00,931 [scrapy.core.engine] DEBUG: Crawled (200) <GET https://movie.douban.com/subject/25724855/> (referer: https://movie.douban.com/top250?start=225&filter=)
2025-11-06 02:47:01,037 [movie_genre_spider] INFO: 爬取电影: 房间 Room - 类型: 家庭, 剧情
2025-11-06 02:47:02,147 [scrapy.core.engine] DEBUG: Crawled (200) <GET https://movie.douban.com/subject/1293964/> (referer: https://movie.douban.com/top250?start=225&filter=)
2025-11-06 02:47:02,251 [movie_genre_spider] INFO: 爬取电影: 魂断蓝桥 Waterloo Bridge - 类型: 战争, 剧情, 爱情
2025-11-06 02:47:04,146 [scrapy.core.engine] DEBUG: Crawled (200) <GET https://movie.douban.com/subject/1428175/> (referer: https://movie.douban.com/top250?start=225&filter=)
2025-11-06 02:47:04,253 [movie_genre_spider] INFO: 爬取电影: 血钻 Blood Diamond - 类型: 冒险, 惊悚, 剧情
2025-11-06 02:47:06,904 [scrapy.core.engine] DEBUG: Crawled (200) <GET https://movie.douban.com/subject/4202982/> (referer: https://movie.douban.com/top250?start=225&filter=)
2025-11-06 02:47:07,010 [movie_genre_spider] INFO: 爬取电影: 冰雪奇缘 Frozen - 类型: 奇幻, 歌舞, 喜剧, 动画
2025-11-06 02:47:07,010 [movie_genre_spider] INFO: 已爬取 150 部电影，发现 27 种类型
2025-11-06 02:47:09,082 [scrapy.core.engine] DEBUG: Crawled (200) <GET https://movie.douban.com/subject/1291936/> (referer: https://movie.douban.com/top250?start=225&filter=)
2025-11-06 02:47:09,189 [movie_genre_spider] INFO: 爬取电影: 攻壳机动队 攻殻機動隊 - 类型: 科幻, 动画, 动作
2025-11-06 02:47:12,296 [scrapy.core.engine] DEBUG: Crawled (200) <GET https://movie.douban.com/subject/26374197/> (referer: https://movie.douban.com/top250?start=225&filter=)
2025-11-06 02:47:12,403 [movie_genre_spider] INFO: 爬取电影: 蜘蛛侠：平行宇宙 Spider-Man: Into the Spider-Verse - 类型: 科幻, 动画, 冒险, 动作
2025-11-06 02:47:13,957 [scrapy.core.engine] DEBUG: Crawled (200) <GET https://movie.douban.com/subject/1308767/> (referer: https://movie.douban.com/top250?start=225&filter=)
2025-11-06 02:47:14,064 [movie_genre_spider] INFO: 爬取电影: 谍影重重2 The Bourne Supremacy - 类型: 悬疑, 惊悚, 动作
2025-11-06 02:47:16,612 [scrapy.core.engine] DEBUG: Crawled (200) <GET https://movie.douban.com/subject/1293318/> (referer: https://movie.douban.com/top250?start=225&filter=)
2025-11-06 02:47:16,718 [movie_genre_spider] INFO: 爬取电影: 萤火虫之墓 火垂るの墓 - 类型: 战争, 剧情, 动画
2025-11-06 02:47:18,573 [scrapy.core.engine] DEBUG: Crawled (200) <GET https://movie.douban.com/subject/1419936/> (referer: https://movie.douban.com/top250?start=225&filter=)
2025-11-06 02:47:18,680 [movie_genre_spider] INFO: 爬取电影: 战争之王 Lord of War - 类型: 犯罪, 剧情
2025-11-06 02:47:20,629 [scrapy.core.engine] DEBUG: Crawled (200) <GET https://movie.douban.com/subject/2222996/> (referer: https://movie.douban.com/top250?start=225&filter=)
2025-11-06 02:47:20,736 [movie_genre_spider] INFO: 爬取电影: 步履不停 歩いても 歩いても - 类型: 家庭, 剧情
2025-11-06 02:47:22,035 [scrapy.core.engine] DEBUG: Crawled (200) <GET https://movie.douban.com/subject/1307394/> (referer: https://movie.douban.com/top250?start=225&filter=)
2025-11-06 02:47:22,142 [movie_genre_spider] INFO: 爬取电影: 千年女优 千年女優 - 类型: 动画, 剧情, 爱情
2025-11-06 02:47:25,546 [scrapy.core.engine] DEBUG: Crawled (200) <GET https://movie.douban.com/subject/26787574/> (referer: https://movie.douban.com/top250?start=225&filter=)
2025-11-06 02:47:25,653 [movie_genre_spider] INFO: 爬取电影: 奇迹男孩 Wonder - 类型: 家庭, 剧情, 儿童
2025-11-06 02:47:27,001 [scrapy.core.engine] DEBUG: Crawled (200) <GET https://movie.douban.com/subject/1304141/> (referer: https://movie.douban.com/top250?start=225&filter=)
2025-11-06 02:47:27,107 [movie_genre_spider] INFO: 爬取电影: 黑客帝国2：重装上阵 The Matrix Reloaded - 类型: 科幻, 动作
2025-11-06 02:47:30,157 [scrapy.core.engine] DEBUG: Crawled (200) <GET https://movie.douban.com/subject/25864085/> (referer: https://movie.douban.com/top250?start=225&filter=)
2025-11-06 02:47:30,265 [movie_genre_spider] INFO: 爬取电影: 火星救援 The Martian - 类型: 冒险, 剧情, 科幻
2025-11-06 02:47:30,265 [movie_genre_spider] INFO: 已爬取 160 部电影，发现 27 种类型
2025-11-06 02:47:32,641 [scrapy.core.engine] DEBUG: Crawled (200) <GET https://movie.douban.com/subject/25980443/> (referer: https://movie.douban.com/top250?start=225&filter=)
2025-11-06 02:47:32,748 [movie_genre_spider] INFO: 爬取电影: 海边的曼彻斯特 Manchester by the Sea - 类型: 家庭, 剧情
2025-11-06 02:47:34,883 [scrapy.core.engine] DEBUG: Crawled (200) <GET https://movie.douban.com/subject/25807345/> (referer: https://movie.douban.com/top250?start=225&filter=)
2025-11-06 02:47:34,990 [movie_genre_spider] INFO: 爬取电影: 彗星来的那一夜 Coherence - 类型: 悬疑, 惊悚, 科幻
2025-11-06 02:47:38,474 [scrapy.core.engine] DEBUG: Crawled (200) <GET https://movie.douban.com/subject/1309163/> (referer: https://movie.douban.com/top250?start=225&filter=)
2025-11-06 02:47:38,580 [movie_genre_spider] INFO: 爬取电影: 恋恋笔记本 The Notebook - 类型: 剧情, 爱情
2025-11-06 02:47:40,425 [scrapy.core.engine] DEBUG: Crawled (200) <GET https://movie.douban.com/subject/1457217/> (referer: https://movie.douban.com/top250?start=225&filter=)
2025-11-06 02:47:40,532 [movie_genre_spider] INFO: 爬取电影: 哈利·波特与凤凰社 Harry Potter and the Order of the Phoenix - 类型: 冒险, 奇幻
2025-11-06 02:47:43,735 [scrapy.core.engine] DEBUG: Crawled (200) <GET https://movie.douban.com/subject/1291879/> (referer: https://movie.douban.com/top250?start=225&filter=)
2025-11-06 02:47:43,841 [movie_genre_spider] INFO: 爬取电影: 罗生门 羅生門 - 类型: 犯罪, 悬疑, 剧情
2025-11-06 02:47:46,403 [scrapy.core.engine] DEBUG: Crawled (200) <GET https://movie.douban.com/subject/1292401/> (referer: https://movie.douban.com/top250?start=225&filter=)
2025-11-06 02:47:46,510 [movie_genre_spider] INFO: 爬取电影: 真爱至上 Love Actually - 类型: 剧情, 喜剧, 爱情
2025-11-06 02:47:49,450 [scrapy.core.engine] DEBUG: Crawled (200) <GET https://movie.douban.com/subject/1300117/> (referer: https://movie.douban.com/top250?start=225&filter=)
2025-11-06 02:47:49,555 [movie_genre_spider] INFO: 爬取电影: 千钧一发 Gattaca - 类型: 惊悚, 剧情, 科幻
2025-11-06 02:47:50,509 [scrapy.extensions.logstats] INFO: Crawled 177 pages (at 26 pages/min), scraped 0 items (at 0 items/min)
2025-11-06 02:47:50,535 [scrapy.core.engine] DEBUG: Crawled (200) <GET https://movie.douban.com/subject/1296909/> (referer: https://movie.douban.com/top250?start=225&filter=)
2025-11-06 02:47:50,641 [movie_genre_spider] INFO: 爬取电影: 虎口脱险 La grande vadrouille - 类型: 战争, 喜剧
2025-11-06 02:47:53,565 [scrapy.core.engine] DEBUG: Crawled (200) <GET https://movie.douban.com/subject/1959877/> (referer: https://movie.douban.com/top250?start=225&filter=)
2025-11-06 02:47:53,671 [movie_genre_spider] INFO: 爬取电影: 崖上的波妞 崖の上のポニョ - 类型: 冒险, 奇幻, 动画
2025-11-06 02:47:56,420 [scrapy.core.engine] DEBUG: Crawled (200) <GET https://movie.douban.com/subject/1308857/> (referer: https://movie.douban.com/top250?start=200&filter=)
2025-11-06 02:47:56,525 [movie_genre_spider] INFO: 爬取电影: 可可西里 - 类型: 犯罪, 剧情
2025-11-06 02:47:56,525 [movie_genre_spider] INFO: 已爬取 170 部电影，发现 27 种类型
2025-11-06 02:47:58,633 [scrapy.core.engine] DEBUG: Crawled (200) <GET https://movie.douban.com/subject/34874432/> (referer: https://movie.douban.com/top250?start=200&filter=)
2025-11-06 02:47:58,741 [movie_genre_spider] INFO: 爬取电影: 花束般的恋爱 花束みたいな恋をした - 类型: 剧情, 爱情
2025-11-06 02:48:01,231 [scrapy.core.engine] DEBUG: Crawled (200) <GET https://movie.douban.com/subject/4848115/> (referer: https://movie.douban.com/top250?start=200&filter=)
2025-11-06 02:48:01,339 [movie_genre_spider] INFO: 爬取电影: 你看起来好像很好吃 おまえうまそうだな - 类型: 儿童, 剧情, 动画
2025-11-06 02:48:03,767 [scrapy.core.engine] DEBUG: Crawled (200) <GET https://movie.douban.com/subject/2209573/> (referer: https://movie.douban.com/top250?start=200&filter=)
2025-11-06 02:48:03,873 [movie_genre_spider] INFO: 爬取电影: 贫民窟的百万富翁 Slumdog Millionaire - 类型: 剧情, 爱情
2025-11-06 02:48:05,839 [scrapy.core.engine] DEBUG: Crawled (200) <GET https://movie.douban.com/subject/3592854/> (referer: https://movie.douban.com/top250?start=200&filter=)
2025-11-06 02:48:05,944 [movie_genre_spider] INFO: 爬取电影: 疯狂的麦克斯4：狂暴之路 Mad Max: Fury Road - 类型: 科幻, 冒险, 动作
2025-11-06 02:48:08,288 [scrapy.core.engine] DEBUG: Crawled (200) <GET https://movie.douban.com/subject/3075287/> (referer: https://movie.douban.com/top250?start=200&filter=)
2025-11-06 02:48:08,394 [movie_genre_spider] INFO: 爬取电影: 源代码 Source Code - 类型: 悬疑, 惊悚, 科幻
2025-11-06 02:48:10,809 [scrapy.core.engine] DEBUG: Crawled (200) <GET https://movie.douban.com/subject/27059130/> (referer: https://movie.douban.com/top250?start=200&filter=)
2025-11-06 02:48:10,916 [movie_genre_spider] INFO: 爬取电影: 大佛普拉斯 - 类型: 剧情, 喜剧
2025-11-06 02:48:13,172 [scrapy.core.engine] DEBUG: Crawled (200) <GET https://movie.douban.com/subject/1867345/> (referer: https://movie.douban.com/top250?start=200&filter=)
2025-11-06 02:48:13,279 [movie_genre_spider] INFO: 爬取电影: 遗愿清单 The Bucket List - 类型: 冒险, 剧情, 喜剧
2025-11-06 02:48:16,107 [scrapy.core.engine] DEBUG: Crawled (200) <GET https://movie.douban.com/subject/24750126/> (referer: https://movie.douban.com/top250?start=200&filter=)
2025-11-06 02:48:16,213 [movie_genre_spider] INFO: 爬取电影: 荒蛮故事 Relatos salvajes - 类型: 犯罪, 剧情, 喜剧
2025-11-06 02:48:18,673 [scrapy.core.engine] DEBUG: Crawled (200) <GET https://movie.douban.com/subject/1292226/> (referer: https://movie.douban.com/top250?start=175&filter=)
2025-11-06 02:48:18,778 [movie_genre_spider] INFO: 爬取电影: 2001太空漫游 2001: A Space Odyssey - 类型: 冒险, 惊悚, 科幻
2025-11-06 02:48:21,753 [scrapy.core.engine] DEBUG: Crawled (200) <GET https://movie.douban.com/subject/1293460/> (referer: https://movie.douban.com/top250?start=175&filter=)
2025-11-06 02:48:21,860 [movie_genre_spider] INFO: 爬取电影: 雨中曲 Singin' in the Rain - 类型: 歌舞, 喜剧, 爱情
2025-11-06 02:48:21,860 [movie_genre_spider] INFO: 已爬取 180 部电影，发现 27 种类型
2025-11-06 02:48:23,874 [scrapy.core.engine] DEBUG: Crawled (200) <GET https://movie.douban.com/subject/1292208/> (referer: https://movie.douban.com/top250?start=175&filter=)
2025-11-06 02:48:23,981 [movie_genre_spider] INFO: 爬取电影: 上帝之城 Cidade de Deus - 类型: 犯罪, 剧情
2025-11-06 02:48:26,537 [scrapy.core.engine] DEBUG: Crawled (200) <GET https://movie.douban.com/subject/1291585/> (referer: https://movie.douban.com/top250?start=175&filter=)
2025-11-06 02:48:26,642 [movie_genre_spider] INFO: 爬取电影: 风之谷 風の谷のナウシカ - 类型: 冒险, 奇幻, 动画
2025-11-06 02:48:29,893 [scrapy.core.engine] DEBUG: Crawled (200) <GET https://movie.douban.com/subject/1862151/> (referer: https://movie.douban.com/top250?start=175&filter=)
2025-11-06 02:48:29,999 [movie_genre_spider] INFO: 爬取电影: 疯狂的石头 - 类型: 犯罪, 喜剧
2025-11-06 02:48:31,978 [scrapy.core.engine] DEBUG: Crawled (200) <GET https://movie.douban.com/subject/1422283/> (referer: https://movie.douban.com/top250?start=175&filter=)
2025-11-06 02:48:32,085 [movie_genre_spider] INFO: 爬取电影: 高山下的花环 - 类型: 战争, 剧情
2025-11-06 02:48:34,537 [scrapy.core.engine] DEBUG: Crawled (200) <GET https://movie.douban.com/subject/25895901/> (referer: https://movie.douban.com/top250?start=175&filter=)
2025-11-06 02:48:34,642 [movie_genre_spider] INFO: 爬取电影: 海街日记 海街diary - 类型: 家庭, 剧情
2025-11-06 02:48:36,201 [scrapy.core.engine] DEBUG: Crawled (200) <GET https://movie.douban.com/subject/10808442/> (referer: https://movie.douban.com/top250?start=175&filter=)
2025-11-06 02:48:36,306 [movie_genre_spider] INFO: 爬取电影: 爱在午夜降临前 Before Midnight - 类型: 剧情, 爱情
2025-11-06 02:48:38,838 [scrapy.core.engine] DEBUG: Crawled (200) <GET https://movie.douban.com/subject/1300374/> (referer: https://movie.douban.com/top250?start=175&filter=)
2025-11-06 02:48:38,943 [movie_genre_spider] INFO: 爬取电影: 绿里奇迹 The Green Mile - 类型: 犯罪, 悬疑, 奇幻, 剧情
2025-11-06 02:48:41,400 [scrapy.core.engine] DEBUG: Crawled (200) <GET https://movie.douban.com/subject/1316510/> (referer: https://movie.douban.com/top250?start=150&filter=)
2025-11-06 02:48:41,507 [movie_genre_spider] INFO: 爬取电影: 射雕英雄传之东成西就 射鵰英雄傳之東成西就 - 类型: 古装, 奇幻, 武侠, 喜剧
2025-11-06 02:48:44,411 [scrapy.core.engine] DEBUG: Crawled (200) <GET https://movie.douban.com/subject/1293181/> (referer: https://movie.douban.com/top250?start=150&filter=)
2025-11-06 02:48:44,517 [movie_genre_spider] INFO: 爬取电影: 惊魂记 Psycho - 类型: 悬疑, 惊悚, 恐怖
2025-11-06 02:48:46,382 [scrapy.core.engine] DEBUG: Crawled (200) <GET https://movie.douban.com/subject/1291545/> (referer: https://movie.douban.com/top250?start=150&filter=)
2025-11-06 02:48:46,489 [movie_genre_spider] INFO: 爬取电影: 大鱼 Big Fish - 类型: 冒险, 奇幻, 剧情, 爱情
2025-11-06 02:48:46,489 [movie_genre_spider] INFO: 已爬取 190 部电影，发现 27 种类型
2025-11-06 02:48:49,181 [scrapy.core.engine] DEBUG: Crawled (200) <GET https://movie.douban.com/subject/10463953/> (referer: https://movie.douban.com/top250?start=150&filter=)
2025-11-06 02:48:49,287 [movie_genre_spider] INFO: 爬取电影: 模仿游戏 The Imitation Game - 类型: 传记, 同性, 战争, 剧情
2025-11-06 02:48:50,508 [scrapy.extensions.logstats] INFO: Crawled 201 pages (at 24 pages/min), scraped 0 items (at 0 items/min)
2025-11-06 02:48:52,562 [scrapy.core.engine] DEBUG: Crawled (200) <GET https://movie.douban.com/subject/4920389/> (referer: https://movie.douban.com/top250?start=150&filter=)
2025-11-06 02:48:52,668 [movie_genre_spider] INFO: 爬取电影: 头号玩家 Ready Player One - 类型: 科幻, 冒险, 动作
2025-11-06 02:48:54,051 [scrapy.core.engine] DEBUG: Crawled (200) <GET https://movie.douban.com/subject/1295399/> (referer: https://movie.douban.com/top250?start=150&filter=)
2025-11-06 02:48:54,157 [movie_genre_spider] INFO: 爬取电影: 七武士 七人の侍 - 类型: 冒险, 剧情, 动作
2025-11-06 02:48:56,719 [scrapy.core.engine] DEBUG: Crawled (200) <GET https://movie.douban.com/subject/3072124/> (referer: https://movie.douban.com/top250?start=150&filter=)
2025-11-06 02:48:56,825 [movie_genre_spider] INFO: 爬取电影: 玛丽和麦克斯 Mary and Max - 类型: 剧情, 喜剧, 动画
2025-11-06 02:48:59,550 [scrapy.core.engine] DEBUG: Crawled (200) <GET https://movie.douban.com/subject/4268598/> (referer: https://movie.douban.com/top250?start=150&filter=)
2025-11-06 02:48:59,656 [movie_genre_spider] INFO: 爬取电影: 告白 - 类型: 悬疑, 剧情
2025-11-06 02:49:03,025 [scrapy.core.engine] DEBUG: Crawled (200) <GET https://movie.douban.com/subject/1303037/> (referer: https://movie.douban.com/top250?start=150&filter=)
2025-11-06 02:49:03,133 [movie_genre_spider] INFO: 爬取电影: 喜宴 囍宴 - 类型: 剧情, 喜剧, 同性, 家庭, 爱情
2025-11-06 02:49:04,346 [scrapy.core.engine] DEBUG: Crawled (200) <GET https://movie.douban.com/subject/25814705/> (referer: https://movie.douban.com/top250?start=125&filter=)
2025-11-06 02:49:04,451 [movie_genre_spider] INFO: 爬取电影: 小森林 夏秋篇 リトル・フォレスト 夏・秋 - 类型: 剧情
2025-11-06 02:49:06,360 [scrapy.core.engine] DEBUG: Crawled (200) <GET https://movie.douban.com/subject/1291875/> (referer: https://movie.douban.com/top250?start=125&filter=)
2025-11-06 02:49:06,466 [movie_genre_spider] INFO: 爬取电影: 阳光灿烂的日子 - 类型: 剧情, 爱情
2025-11-06 02:49:09,273 [scrapy.core.engine] DEBUG: Crawled (200) <GET https://movie.douban.com/subject/1300992/> (referer: https://movie.douban.com/top250?start=125&filter=)
2025-11-06 02:49:09,379 [movie_genre_spider] INFO: 爬取电影: 完美的世界 A Perfect World - 类型: 犯罪, 剧情
2025-11-06 02:49:12,183 [scrapy.core.engine] DEBUG: Crawled (200) <GET https://movie.douban.com/subject/10437779/> (referer: https://movie.douban.com/top250?start=125&filter=)
2025-11-06 02:49:12,289 [movie_genre_spider] INFO: 爬取电影: 新世界 신세계 - 类型: 犯罪, 剧情
2025-11-06 02:49:12,289 [movie_genre_spider] INFO: 已爬取 200 部电影，发现 27 种类型
2025-11-06 02:49:14,274 [scrapy.core.engine] DEBUG: Crawled (200) <GET https://movie.douban.com/subject/1418200/> (referer: https://movie.douban.com/top250?start=125&filter=)
2025-11-06 02:49:14,381 [movie_genre_spider] INFO: 爬取电影: 傲慢与偏见 Pride & Prejudice - 类型: 剧情, 爱情
2025-11-06 02:49:16,866 [scrapy.core.engine] DEBUG: Crawled (200) <GET https://movie.douban.com/subject/1291557/> (referer: https://movie.douban.com/top250?start=125&filter=)
2025-11-06 02:49:16,973 [movie_genre_spider] INFO: 爬取电影: 花样年华 花樣年華 - 类型: 剧情, 爱情
2025-11-06 02:49:19,944 [scrapy.core.engine] DEBUG: Crawled (200) <GET https://movie.douban.com/subject/2353023/> (referer: https://movie.douban.com/top250?start=125&filter=)
2025-11-06 02:49:20,049 [movie_genre_spider] INFO: 爬取电影: 驯龙高手 How to Train Your Dragon - 类型: 冒险, 奇幻, 动画
2025-11-06 02:49:22,237 [scrapy.core.engine] DEBUG: Crawled (200) <GET https://movie.douban.com/subject/1297447/> (referer: https://movie.douban.com/top250?start=125&filter=)
2025-11-06 02:49:22,343 [movie_genre_spider] INFO: 爬取电影: 倩女幽魂 - 类型: 古装, 奇幻, 武侠, 爱情
2025-11-06 02:49:24,963 [scrapy.core.engine] DEBUG: Crawled (200) <GET https://movie.douban.com/subject/1292337/> (referer: https://movie.douban.com/top250?start=125&filter=)
2025-11-06 02:49:25,068 [movie_genre_spider] INFO: 爬取电影: 无人知晓 誰も知らない - 类型: 剧情
2025-11-06 02:49:27,196 [scrapy.core.engine] DEBUG: Crawled (200) <GET https://movie.douban.com/subject/1296339/> (referer: https://movie.douban.com/top250?start=100&filter=)
2025-11-06 02:49:27,303 [movie_genre_spider] INFO: 爬取电影: 爱在黎明破晓前 Before Sunrise - 类型: 剧情, 爱情
2025-11-06 02:49:30,582 [scrapy.core.engine] DEBUG: Crawled (200) <GET https://movie.douban.com/subject/11026735/> (referer: https://movie.douban.com/top250?start=100&filter=)
2025-11-06 02:49:30,688 [movie_genre_spider] INFO: 爬取电影: 超能陆战队 Big Hero 6 - 类型: 冒险, 喜剧, 科幻, 动作, 动画
2025-11-06 02:49:33,291 [scrapy.core.engine] DEBUG: Crawled (200) <GET https://movie.douban.com/subject/10777687/> (referer: https://movie.douban.com/top250?start=100&filter=)
2025-11-06 02:49:33,397 [movie_genre_spider] INFO: 爬取电影: 7号房的礼物 7번방의 선물 - 类型: 家庭, 剧情, 喜剧
2025-11-06 02:49:34,191 [scrapy.core.engine] DEBUG: Crawled (200) <GET https://movie.douban.com/subject/1428581/> (referer: https://movie.douban.com/top250?start=100&filter=)
2025-11-06 02:49:34,297 [movie_genre_spider] INFO: 爬取电影: 天书奇谭 - 类型: 奇幻, 动画
2025-11-06 02:49:36,167 [scrapy.core.engine] DEBUG: Crawled (200) <GET https://movie.douban.com/subject/27010768/> (referer: https://movie.douban.com/top250?start=100&filter=)
2025-11-06 02:49:36,274 [movie_genre_spider] INFO: 爬取电影: 寄生虫 기생충 - 类型: 剧情
2025-11-06 02:49:36,275 [movie_genre_spider] INFO: 已爬取 210 部电影，发现 27 种类型
2025-11-06 02:49:37,862 [scrapy.core.engine] DEBUG: Crawled (200) <GET https://movie.douban.com/subject/3395373/> (referer: https://movie.douban.com/top250?start=100&filter=)
2025-11-06 02:49:37,967 [movie_genre_spider] INFO: 爬取电影: 蝙蝠侠：黑暗骑士崛起 The Dark Knight Rises - 类型: 犯罪, 剧情, 惊悚, 科幻, 动作
2025-11-06 02:49:40,514 [scrapy.core.engine] DEBUG: Crawled (200) <GET https://movie.douban.com/subject/1305164/> (referer: https://movie.douban.com/top250?start=100&filter=)
2025-11-06 02:49:40,619 [movie_genre_spider] INFO: 爬取电影: 甜蜜蜜 - 类型: 剧情, 爱情
2025-11-06 02:49:47,235 [scrapy.core.engine] DEBUG: Crawled (200) <GET https://movie.douban.com/subject/1297359/> (referer: https://movie.douban.com/top250?start=100&filter=)
2025-11-06 02:49:47,344 [movie_genre_spider] INFO: 爬取电影: 幽灵公主 もののけ姫 - 类型: 冒险, 奇幻, 动画
2025-11-06 02:49:50,508 [scrapy.extensions.logstats] INFO: Crawled 223 pages (at 22 pages/min), scraped 0 items (at 0 items/min)
2025-11-06 02:49:51,966 [scrapy.core.engine] DEBUG: Crawled (200) <GET https://movie.douban.com/subject/6985810/> (referer: https://movie.douban.com/top250?start=100&filter=)
2025-11-06 02:49:52,073 [movie_genre_spider] INFO: 爬取电影: 狩猎 Jagten - 类型: 剧情
2025-11-06 02:49:52,798 [scrapy.core.engine] DEBUG: Crawled (200) <GET https://movie.douban.com/subject/1780330/> (referer: https://movie.douban.com/top250?start=75&filter=)
2025-11-06 02:49:52,904 [movie_genre_spider] INFO: 爬取电影: 致命魔术 The Prestige - 类型: 悬疑, 惊悚, 剧情
2025-11-06 02:49:55,854 [scrapy.core.engine] DEBUG: Crawled (200) <GET https://movie.douban.com/subject/1292656/> (referer: https://movie.douban.com/top250?start=75&filter=)
2025-11-06 02:49:55,960 [movie_genre_spider] INFO: 爬取电影: 心灵捕手 Good Will Hunting - 类型: 剧情
2025-11-06 02:49:58,048 [scrapy.core.engine] DEBUG: Crawled (200) <GET https://movie.douban.com/subject/2334904/> (referer: https://movie.douban.com/top250?start=75&filter=)
2025-11-06 02:49:58,154 [movie_genre_spider] INFO: 爬取电影: 禁闭岛 Shutter Island - 类型: 悬疑, 惊悚, 剧情
2025-11-06 02:50:00,493 [scrapy.core.engine] DEBUG: Crawled (200) <GET https://movie.douban.com/subject/1292343/> (referer: https://movie.douban.com/top250?start=75&filter=)
2025-11-06 02:50:00,599 [movie_genre_spider] INFO: 爬取电影: 蝴蝶效应 The Butterfly Effect - 类型: 悬疑, 惊悚, 剧情, 科幻
2025-11-06 02:50:04,791 [scrapy.core.engine] DEBUG: Crawled (200) <GET https://movie.douban.com/subject/11525673/> (referer: https://movie.douban.com/top250?start=75&filter=)
2025-11-06 02:50:04,897 [movie_genre_spider] INFO: 爬取电影: 布达佩斯大饭店 The Grand Budapest Hotel - 类型: 冒险, 剧情, 喜剧
2025-11-06 02:50:06,519 [scrapy.core.engine] DEBUG: Crawled (200) <GET https://movie.douban.com/subject/1292224/> (referer: https://movie.douban.com/top250?start=75&filter=)
2025-11-06 02:50:06,624 [movie_genre_spider] INFO: 爬取电影: 飞越疯人院 One Flew Over the Cuckoo's Nest - 类型: 剧情
2025-11-06 02:50:06,624 [movie_genre_spider] INFO: 已爬取 220 部电影，发现 27 种类型
2025-11-06 02:50:08,225 [scrapy.core.engine] DEBUG: Crawled (200) <GET https://movie.douban.com/subject/1303021/> (referer: https://movie.douban.com/top250?start=75&filter=)
2025-11-06 02:50:08,331 [movie_genre_spider] INFO: 爬取电影: 小鞋子 بچه های آسمان - 类型: 家庭, 剧情, 儿童
2025-11-06 02:50:10,664 [scrapy.core.engine] DEBUG: Crawled (200) <GET https://movie.douban.com/subject/1293544/> (referer: https://movie.douban.com/top250?start=75&filter=)
2025-11-06 02:50:10,771 [movie_genre_spider] INFO: 爬取电影: 沉默的羔羊 The Silence of the Lambs - 类型: 犯罪, 惊悚, 剧情
2025-11-06 02:50:13,333 [scrapy.core.engine] DEBUG: Crawled (200) <GET https://movie.douban.com/subject/1292849/> (referer: https://movie.douban.com/top250?start=75&filter=)
2025-11-06 02:50:13,440 [movie_genre_spider] INFO: 爬取电影: 拯救大兵瑞恩 Saving Private Ryan - 类型: 战争, 剧情
2025-11-06 02:50:15,312 [scrapy.core.engine] DEBUG: Crawled (200) <GET https://movie.douban.com/subject/1291828/> (referer: https://movie.douban.com/top250?start=50&filter=)
2025-11-06 02:50:15,418 [movie_genre_spider] INFO: 爬取电影: 天堂电影院 Nuovo Cinema Paradiso - 类型: 剧情, 爱情
2025-11-06 02:50:17,122 [scrapy.core.engine] DEBUG: Crawled (200) <GET https://movie.douban.com/subject/1301753/> (referer: https://movie.douban.com/top250?start=50&filter=)
2025-11-06 02:50:17,228 [movie_genre_spider] INFO: 爬取电影: 狮子王 The Lion King - 类型: 冒险, 歌舞, 动画
2025-11-06 02:50:18,932 [scrapy.core.engine] DEBUG: Crawled (200) <GET https://movie.douban.com/subject/1299131/> (referer: https://movie.douban.com/top250?start=50&filter=)
2025-11-06 02:50:19,040 [movie_genre_spider] INFO: 爬取电影: 教父2 The Godfather: Part II - 类型: 犯罪, 剧情
2025-11-06 02:50:20,415 [scrapy.core.engine] DEBUG: Crawled (200) <GET https://movie.douban.com/subject/1293839/> (referer: https://movie.douban.com/top250?start=50&filter=)
2025-11-06 02:50:20,523 [movie_genre_spider] INFO: 爬取电影: 罗马假日 Roman Holiday - 类型: 剧情, 喜剧, 爱情
2025-11-06 02:50:23,108 [scrapy.core.engine] DEBUG: Crawled (200) <GET https://movie.douban.com/subject/1291571/> (referer: https://movie.douban.com/top250?start=50&filter=)
2025-11-06 02:50:23,215 [movie_genre_spider] INFO: 爬取电影: 指环王1：护戒使者 The Lord of the Rings: The Fellowship of the Ring - 类型: 冒险, 奇幻, 剧情, 动作
2025-11-06 02:50:24,940 [scrapy.core.engine] DEBUG: Crawled (200) <GET https://movie.douban.com/subject/1291843/> (referer: https://movie.douban.com/top250?start=50&filter=)
2025-11-06 02:50:25,047 [movie_genre_spider] INFO: 爬取电影: 黑客帝国 The Matrix - 类型: 科幻, 动作
2025-11-06 02:50:27,528 [scrapy.core.engine] DEBUG: Crawled (200) <GET https://movie.douban.com/subject/1418019/> (referer: https://movie.douban.com/top250?start=50&filter=)
2025-11-06 02:50:27,635 [movie_genre_spider] INFO: 爬取电影: 大闹天宫 - 类型: 古装, 奇幻, 剧情, 动画
2025-11-06 02:50:27,635 [movie_genre_spider] INFO: 已爬取 230 部电影，发现 27 种类型
2025-11-06 02:50:31,411 [scrapy.core.engine] DEBUG: Crawled (200) <GET https://movie.douban.com/subject/27060077/> (referer: https://movie.douban.com/top250?start=50&filter=)
2025-11-06 02:50:31,517 [movie_genre_spider] INFO: 爬取电影: 绿皮书 Green Book - 类型: 音乐, 传记, 剧情, 喜剧
2025-11-06 02:50:32,768 [scrapy.core.engine] DEBUG: Crawled (200) <GET https://movie.douban.com/subject/1298624/> (referer: https://movie.douban.com/top250?start=50&filter=)
2025-11-06 02:50:32,875 [movie_genre_spider] INFO: 爬取电影: 闻香识女人 Scent of a Woman - 类型: 剧情
2025-11-06 02:50:35,234 [scrapy.core.engine] DEBUG: Crawled (200) <GET https://movie.douban.com/subject/1300267/> (referer: https://movie.douban.com/top250?start=25&filter=)
2025-11-06 02:50:35,340 [movie_genre_spider] INFO: 爬取电影: 乱世佳人 Gone with the Wind - 类型: 历史, 战争, 剧情, 爱情
2025-11-06 02:50:37,776 [scrapy.core.engine] DEBUG: Crawled (200) <GET https://movie.douban.com/subject/26752088/> (referer: https://movie.douban.com/top250?start=25&filter=)
2025-11-06 02:50:37,884 [movie_genre_spider] INFO: 爬取电影: 我不是药神 - 类型: 剧情, 喜剧
2025-11-06 02:50:39,726 [scrapy.core.engine] DEBUG: Crawled (200) <GET https://movie.douban.com/subject/1291552/> (referer: https://movie.douban.com/top250?start=25&filter=)
2025-11-06 02:50:39,832 [movie_genre_spider] INFO: 爬取电影: 指环王3：王者无敌 The Lord of the Rings: The Return of the King - 类型: 冒险, 奇幻, 剧情, 动作
2025-11-06 02:50:42,748 [scrapy.core.engine] DEBUG: Crawled (200) <GET https://movie.douban.com/subject/1851857/> (referer: https://movie.douban.com/top250?start=25&filter=)
2025-11-06 02:50:42,855 [movie_genre_spider] INFO: 爬取电影: 蝙蝠侠：黑暗骑士 The Dark Knight - 类型: 犯罪, 剧情, 惊悚, 科幻, 动作
2025-11-06 02:50:42,915 [scrapy.downloadermiddlewares.redirect] DEBUG: Redirecting (302) to <GET https://sec.douban.com/b?r=https%3A%2F%2Fmovie.douban.com%2Fsubject%2F3319755%2F> from <GET https://movie.douban.com/subject/3319755/>
2025-11-06 02:50:44,978 [scrapy.downloadermiddlewares.redirect] DEBUG: Redirecting (302) to <GET https://sec.douban.com/b?r=https%3A%2F%2Fmovie.douban.com%2Fsubject%2F1292365%2F> from <GET https://movie.douban.com/subject/1292365/>
2025-11-06 02:50:47,887 [scrapy.downloadermiddlewares.redirect] DEBUG: Redirecting (302) to <GET https://sec.douban.com/b?r=https%3A%2F%2Fmovie.douban.com%2Fsubject%2F1291560%2F> from <GET https://movie.douban.com/subject/1291560/>
2025-11-06 02:50:50,508 [scrapy.extensions.logstats] INFO: Crawled 246 pages (at 23 pages/min), scraped 0 items (at 0 items/min)
2025-11-06 02:50:50,570 [scrapy.downloadermiddlewares.redirect] DEBUG: Redirecting (302) to <GET https://sec.douban.com/b?r=https%3A%2F%2Fmovie.douban.com%2Fsubject%2F1295038%2F> from <GET https://movie.douban.com/subject/1295038/>
2025-11-06 02:50:52,551 [scrapy.downloadermiddlewares.redirect] DEBUG: Redirecting (302) to <GET https://sec.douban.com/b?r=https%3A%2F%2Fmovie.douban.com%2Fsubject%2F1293172%2F> from <GET https://movie.douban.com/subject/1293172/>
2025-11-06 02:50:54,262 [scrapy.downloadermiddlewares.redirect] DEBUG: Redirecting (302) to <GET https://sec.douban.com/b?r=https%3A%2F%2Fmovie.douban.com%2Fsubject%2F3541415%2F> from <GET https://movie.douban.com/subject/3541415/>
2025-11-06 02:50:56,729 [scrapy.downloadermiddlewares.redirect] DEBUG: Redirecting (302) to <GET https://sec.douban.com/b?r=https%3A%2F%2Fmovie.douban.com%2Fsubject%2F1295644%2F> from <GET https://movie.douban.com/subject/1295644/>
2025-11-06 02:50:59,041 [scrapy.downloadermiddlewares.redirect] DEBUG: Redirecting (302) to <GET https://sec.douban.com/b?r=https%3A%2F%2Fmovie.douban.com%2Fsubject%2F1889243%2F> from <GET https://movie.douban.com/subject/1889243/>
2025-11-06 02:51:00,955 [scrapy.downloadermiddlewares.redirect] DEBUG: Redirecting (302) to <GET https://sec.douban.com/b?r=https%3A%2F%2Fmovie.douban.com%2Fsubject%2F1292063%2F> from <GET https://movie.douban.com/subject/1292063/>
2025-11-06 02:51:03,731 [scrapy.downloadermiddlewares.redirect] DEBUG: Redirecting (302) to <GET https://sec.douban.com/b?r=https%3A%2F%2Fmovie.douban.com%2Fsubject%2F1291561%2F> from <GET https://movie.douban.com/subject/1291561/>
2025-11-06 02:51:06,152 [scrapy.downloadermiddlewares.redirect] DEBUG: Redirecting (302) to <GET https://sec.douban.com/b?r=https%3A%2F%2Fmovie.douban.com%2Fsubject%2F1292720%2F> from <GET https://movie.douban.com/subject/1292720/>
2025-11-06 02:51:08,230 [scrapy.downloadermiddlewares.redirect] DEBUG: Redirecting (302) to <GET https://sec.douban.com/b?r=https%3A%2F%2Fmovie.douban.com%2Fsubject%2F1292722%2F> from <GET https://movie.douban.com/subject/1292722/>
2025-11-06 02:51:11,206 [scrapy.downloadermiddlewares.redirect] DEBUG: Redirecting (302) to <GET https://sec.douban.com/b?r=https%3A%2F%2Fmovie.douban.com%2Fsubject%2F1291546%2F> from <GET https://movie.douban.com/subject/1291546/>
2025-11-06 02:51:14,034 [scrapy.downloadermiddlewares.redirect] DEBUG: Redirecting (302) to <GET https://sec.douban.com/b?r=https%3A%2F%2Fmovie.douban.com%2Fsubject%2F1292052%2F> from <GET https://movie.douban.com/subject/1292052/>
2025-11-06 02:51:15,932 [scrapy.core.engine] DEBUG: Crawled (403) <GET https://sec.douban.com/b?r=https%3A%2F%2Fmovie.douban.com%2Fsubject%2F3319755%2F> (referer: https://movie.douban.com/top250?start=25&filter=)
2025-11-06 02:51:16,033 [scrapy.spidermiddlewares.httperror] INFO: Ignoring response <403 https://sec.douban.com/b?r=https%3A%2F%2Fmovie.douban.com%2Fsubject%2F3319755%2F>: HTTP status code is not handled or not allowed
2025-11-06 02:51:18,789 [scrapy.core.engine] DEBUG: Crawled (403) <GET https://sec.douban.com/b?r=https%3A%2F%2Fmovie.douban.com%2Fsubject%2F1292365%2F> (referer: https://movie.douban.com/top250?start=25&filter=)
2025-11-06 02:51:18,890 [scrapy.spidermiddlewares.httperror] INFO: Ignoring response <403 https://sec.douban.com/b?r=https%3A%2F%2Fmovie.douban.com%2Fsubject%2F1292365%2F>: HTTP status code is not handled or not allowed
2025-11-06 02:51:21,416 [scrapy.core.engine] DEBUG: Crawled (403) <GET https://sec.douban.com/b?r=https%3A%2F%2Fmovie.douban.com%2Fsubject%2F1291560%2F> (referer: https://movie.douban.com/top250?start=25&filter=)
2025-11-06 02:51:21,516 [scrapy.spidermiddlewares.httperror] INFO: Ignoring response <403 https://sec.douban.com/b?r=https%3A%2F%2Fmovie.douban.com%2Fsubject%2F1291560%2F>: HTTP status code is not handled or not allowed
2025-11-06 02:51:24,389 [scrapy.core.engine] DEBUG: Crawled (403) <GET https://sec.douban.com/b?r=https%3A%2F%2Fmovie.douban.com%2Fsubject%2F1295038%2F> (referer: https://movie.douban.com/top250?start=25&filter=)
2025-11-06 02:51:24,489 [scrapy.spidermiddlewares.httperror] INFO: Ignoring response <403 https://sec.douban.com/b?r=https%3A%2F%2Fmovie.douban.com%2Fsubject%2F1295038%2F>: HTTP status code is not handled or not allowed
2025-11-06 02:51:27,370 [scrapy.core.engine] DEBUG: Crawled (403) <GET https://sec.douban.com/b?r=https%3A%2F%2Fmovie.douban.com%2Fsubject%2F1293172%2F> (referer: https://movie.douban.com/top250?start=25&filter=)
2025-11-06 02:51:27,470 [scrapy.spidermiddlewares.httperror] INFO: Ignoring response <403 https://sec.douban.com/b?r=https%3A%2F%2Fmovie.douban.com%2Fsubject%2F1293172%2F>: HTTP status code is not handled or not allowed
2025-11-06 02:51:29,686 [scrapy.core.engine] DEBUG: Crawled (403) <GET https://sec.douban.com/b?r=https%3A%2F%2Fmovie.douban.com%2Fsubject%2F3541415%2F> (referer: https://movie.douban.com/top250)
2025-11-06 02:51:29,787 [scrapy.spidermiddlewares.httperror] INFO: Ignoring response <403 https://sec.douban.com/b?r=https%3A%2F%2Fmovie.douban.com%2Fsubject%2F3541415%2F>: HTTP status code is not handled or not allowed
2025-11-06 02:51:32,648 [scrapy.core.engine] DEBUG: Crawled (403) <GET https://sec.douban.com/b?r=https%3A%2F%2Fmovie.douban.com%2Fsubject%2F1295644%2F> (referer: https://movie.douban.com/top250)
2025-11-06 02:51:32,750 [scrapy.spidermiddlewares.httperror] INFO: Ignoring response <403 https://sec.douban.com/b?r=https%3A%2F%2Fmovie.douban.com%2Fsubject%2F1295644%2F>: HTTP status code is not handled or not allowed
2025-11-06 02:51:35,379 [scrapy.core.engine] DEBUG: Crawled (403) <GET https://sec.douban.com/b?r=https%3A%2F%2Fmovie.douban.com%2Fsubject%2F1889243%2F> (referer: https://movie.douban.com/top250)
2025-11-06 02:51:35,480 [scrapy.spidermiddlewares.httperror] INFO: Ignoring response <403 https://sec.douban.com/b?r=https%3A%2F%2Fmovie.douban.com%2Fsubject%2F1889243%2F>: HTTP status code is not handled or not allowed
2025-11-06 02:51:37,120 [scrapy.core.engine] DEBUG: Crawled (403) <GET https://sec.douban.com/b?r=https%3A%2F%2Fmovie.douban.com%2Fsubject%2F1292063%2F> (referer: https://movie.douban.com/top250)
2025-11-06 02:51:37,221 [scrapy.spidermiddlewares.httperror] INFO: Ignoring response <403 https://sec.douban.com/b?r=https%3A%2F%2Fmovie.douban.com%2Fsubject%2F1292063%2F>: HTTP status code is not handled or not allowed
2025-11-06 02:51:39,865 [scrapy.core.engine] DEBUG: Crawled (403) <GET https://sec.douban.com/b?r=https%3A%2F%2Fmovie.douban.com%2Fsubject%2F1291561%2F> (referer: https://movie.douban.com/top250)
2025-11-06 02:51:39,966 [scrapy.spidermiddlewares.httperror] INFO: Ignoring response <403 https://sec.douban.com/b?r=https%3A%2F%2Fmovie.douban.com%2Fsubject%2F1291561%2F>: HTTP status code is not handled or not allowed
2025-11-06 02:51:42,089 [scrapy.core.engine] DEBUG: Crawled (403) <GET https://sec.douban.com/b?r=https%3A%2F%2Fmovie.douban.com%2Fsubject%2F1292720%2F> (referer: https://movie.douban.com/top250)
2025-11-06 02:51:42,190 [scrapy.spidermiddlewares.httperror] INFO: Ignoring response <403 https://sec.douban.com/b?r=https%3A%2F%2Fmovie.douban.com%2Fsubject%2F1292720%2F>: HTTP status code is not handled or not allowed
2025-11-06 02:51:43,465 [scrapy.core.engine] DEBUG: Crawled (403) <GET https://sec.douban.com/b?r=https%3A%2F%2Fmovie.douban.com%2Fsubject%2F1292722%2F> (referer: https://movie.douban.com/top250)
2025-11-06 02:51:43,565 [scrapy.spidermiddlewares.httperror] INFO: Ignoring response <403 https://sec.douban.com/b?r=https%3A%2F%2Fmovie.douban.com%2Fsubject%2F1292722%2F>: HTTP status code is not handled or not allowed
2025-11-06 02:51:44,812 [scrapy.core.engine] DEBUG: Crawled (403) <GET https://sec.douban.com/b?r=https%3A%2F%2Fmovie.douban.com%2Fsubject%2F1291546%2F> (referer: https://movie.douban.com/top250)
2025-11-06 02:51:44,913 [scrapy.spidermiddlewares.httperror] INFO: Ignoring response <403 https://sec.douban.com/b?r=https%3A%2F%2Fmovie.douban.com%2Fsubject%2F1291546%2F>: HTTP status code is not handled or not allowed
2025-11-06 02:51:47,349 [scrapy.core.engine] DEBUG: Crawled (403) <GET https://sec.douban.com/b?r=https%3A%2F%2Fmovie.douban.com%2Fsubject%2F1292052%2F> (referer: https://movie.douban.com/top250)
2025-11-06 02:51:47,450 [scrapy.spidermiddlewares.httperror] INFO: Ignoring response <403 https://sec.douban.com/b?r=https%3A%2F%2Fmovie.douban.com%2Fsubject%2F1292052%2F>: HTTP status code is not handled or not allowed
2025-11-06 02:51:47,452 [scrapy.core.engine] INFO: Closing spider (finished)
2025-11-06 02:51:47,459 [movie_genre_spider] INFO: 成功保存 236 部电影数据到: movie_data_with_genres/movies_with_genres_20251106_025147.json
2025-11-06 02:51:47,459 [movie_genre_spider] INFO: ============================================================
2025-11-06 02:51:47,459 [movie_genre_spider] INFO: 电影类型统计:
2025-11-06 02:51:47,459 [movie_genre_spider] INFO: 总电影数: 236
2025-11-06 02:51:47,459 [movie_genre_spider] INFO: 发现类型数: 27
2025-11-06 02:51:47,459 [movie_genre_spider] INFO: 类型分布:
2025-11-06 02:51:47,459 [movie_genre_spider] INFO:   剧情: 174部 (73.7%)
2025-11-06 02:51:47,459 [movie_genre_spider] INFO:   喜剧: 51部 (21.6%)
2025-11-06 02:51:47,460 [movie_genre_spider] INFO:   爱情: 50部 (21.2%)
2025-11-06 02:51:47,460 [movie_genre_spider] INFO:   冒险: 46部 (19.5%)
2025-11-06 02:51:47,460 [movie_genre_spider] INFO:   奇幻: 41部 (17.4%)
2025-11-06 02:51:47,460 [movie_genre_spider] INFO:   犯罪: 39部 (16.5%)
2025-11-06 02:51:47,460 [movie_genre_spider] INFO:   动画: 39部 (16.5%)
2025-11-06 02:51:47,460 [movie_genre_spider] INFO:   惊悚: 33部 (14.0%)
2025-11-06 02:51:47,460 [movie_genre_spider] INFO:   动作: 30部 (12.7%)
2025-11-06 02:51:47,460 [movie_genre_spider] INFO:   悬疑: 29部 (12.3%)
2025-11-06 02:51:47,460 [movie_genre_spider] INFO:   科幻: 23部 (9.7%)
2025-11-06 02:51:47,460 [movie_genre_spider] INFO:   家庭: 17部 (7.2%)
2025-11-06 02:51:47,460 [movie_genre_spider] INFO:   传记: 14部 (5.9%)
2025-11-06 02:51:47,460 [movie_genre_spider] INFO:   战争: 14部 (5.9%)
2025-11-06 02:51:47,460 [movie_genre_spider] INFO:   古装: 10部 (4.2%)
2025-11-06 02:51:47,460 [movie_genre_spider] INFO: ============================================================
2025-11-06 02:51:47,461 [movie_genre_spider] INFO: 类型统计已保存到: movie_data_with_genres/genre_statistics.json
2025-11-06 02:51:47,462 [scrapy.statscollectors] INFO: Dumping Scrapy stats:
{'downloader/request_bytes': 97202,
 'downloader/request_count': 274,
 'downloader/request_method_count/GET': 274,
 'downloader/response_bytes': 6683831,
 'downloader/response_count': 274,
 'downloader/response_status_count/200': 246,
 'downloader/response_status_count/302': 14,
 'downloader/response_status_count/403': 14,
 'elapsed_time_seconds': 656.953827,
 'finish_reason': 'finished',
 'finish_time': datetime.datetime(2025, 11, 6, 10, 51, 47, 461807, tzinfo=datetime.timezone.utc),
 'httpcompression/response_bytes': 30122418,
 'httpcompression/response_count': 260,
 'httperror/response_ignored_count': 14,
 'httperror/response_ignored_status_count/403': 14,
 'log_count/INFO': 325,
 'log_count/WARNING': 1,
 'memusage/max': 101011456,
 'memusage/startup': 58744832,
 'request_depth_max': 10,
 'response_received_count': 260,
 'scheduler/dequeued': 274,
 'scheduler/dequeued/memory': 274,
 'scheduler/enqueued': 274,
 'scheduler/enqueued/memory': 274,
 'start_time': datetime.datetime(2025, 11, 6, 10, 40, 50, 507980, tzinfo=datetime.timezone.utc)}
2025-11-06 02:51:47,462 [scrapy.core.engine] INFO: Spider closed (finished)
2025-11-06 02:59:50,189 [scrapy.utils.log] INFO: Scrapy 2.11.2 started (bot: scrapybot)
2025-11-06 02:59:50,199 [scrapy.utils.log] INFO: Versions: lxml 6.0.2.0, libxml2 2.14.6, cssselect 1.2.0, parsel 1.9.1, w3lib 2.2.1, Twisted 25.5.0, Python 3.8.10 (default, Mar 18 2025, 20:04:55) - [GCC 9.4.0], pyOpenSSL 25.3.0 (OpenSSL 3.5.4 30 Sep 2025), cryptography 46.0.3, Platform Linux-5.15.0-139-generic-x86_64-with-glibc2.29
2025-11-06 02:59:50,200 [scrapy.addons] INFO: Enabled addons:
[]
2025-11-06 02:59:50,201 [py.warnings] WARNING: /home/hadoop/.local/lib/python3.8/site-packages/scrapy/utils/request.py:254: ScrapyDeprecationWarning: '2.6' is a deprecated value for the 'REQUEST_FINGERPRINTER_IMPLEMENTATION' setting.

It is also the default value. In other words, it is normal to get this warning if you have not defined a value for the 'REQUEST_FINGERPRINTER_IMPLEMENTATION' setting. This is so for backward compatibility reasons, but it will change in a future version of Scrapy.

See the documentation of the 'REQUEST_FINGERPRINTER_IMPLEMENTATION' setting for information on how to handle this deprecation.
  return cls(crawler)

2025-11-06 02:59:50,203 [scrapy.utils.log] DEBUG: Using reactor: twisted.internet.epollreactor.EPollReactor
2025-11-06 02:59:50,211 [scrapy.extensions.telnet] INFO: Telnet Password: ef0f1ab437d702ae
2025-11-06 02:59:50,237 [scrapy.middleware] INFO: Enabled extensions:
['scrapy.extensions.corestats.CoreStats',
 'scrapy.extensions.telnet.TelnetConsole',
 'scrapy.extensions.memusage.MemoryUsage',
 'scrapy.extensions.logstats.LogStats']
2025-11-06 02:59:50,237 [scrapy.crawler] INFO: Overridden settings:
{'CONCURRENT_REQUESTS_PER_DOMAIN': 1,
 'DOWNLOAD_DELAY': 2,
 'LOG_LEVEL': 'INFO',
 'USER_AGENT': 'Mozilla/5.0 (Windows NT 10.0; Win64; x64) AppleWebKit/537.36'}
2025-11-06 02:59:50,297 [scrapy.middleware] INFO: Enabled downloader middlewares:
['scrapy.downloadermiddlewares.offsite.OffsiteMiddleware',
 'scrapy.downloadermiddlewares.httpauth.HttpAuthMiddleware',
 'scrapy.downloadermiddlewares.downloadtimeout.DownloadTimeoutMiddleware',
 'scrapy.downloadermiddlewares.defaultheaders.DefaultHeadersMiddleware',
 'scrapy.downloadermiddlewares.useragent.UserAgentMiddleware',
 'scrapy.downloadermiddlewares.retry.RetryMiddleware',
 'scrapy.downloadermiddlewares.redirect.MetaRefreshMiddleware',
 'scrapy.downloadermiddlewares.httpcompression.HttpCompressionMiddleware',
 'scrapy.downloadermiddlewares.redirect.RedirectMiddleware',
 'scrapy.downloadermiddlewares.cookies.CookiesMiddleware',
 'scrapy.downloadermiddlewares.httpproxy.HttpProxyMiddleware',
 'scrapy.downloadermiddlewares.stats.DownloaderStats']
2025-11-06 02:59:50,299 [scrapy.middleware] INFO: Enabled spider middlewares:
['scrapy.spidermiddlewares.httperror.HttpErrorMiddleware',
 'scrapy.spidermiddlewares.referer.RefererMiddleware',
 'scrapy.spidermiddlewares.urllength.UrlLengthMiddleware',
 'scrapy.spidermiddlewares.depth.DepthMiddleware']
2025-11-06 02:59:50,299 [scrapy.middleware] INFO: Enabled item pipelines:
[]
2025-11-06 02:59:50,299 [scrapy.core.engine] INFO: Spider opened
2025-11-06 02:59:50,303 [scrapy.extensions.logstats] INFO: Crawled 0 pages (at 0 pages/min), scraped 0 items (at 0 items/min)
2025-11-06 02:59:50,303 [scrapy.extensions.telnet] INFO: Telnet console listening on 127.0.0.1:6023
2025-11-06 02:59:50,379 [scrapy.downloadermiddlewares.redirect] DEBUG: Redirecting (302) to <GET https://sec.douban.com/b?r=https%3A%2F%2Fmovie.douban.com%2Ftop250> from <GET https://movie.douban.com/top250>
2025-11-06 02:59:52,250 [scrapy.core.engine] DEBUG: Crawled (403) <GET https://sec.douban.com/b?r=https%3A%2F%2Fmovie.douban.com%2Ftop250> (referer: https://movie.douban.com/)
2025-11-06 02:59:52,351 [scrapy.spidermiddlewares.httperror] INFO: Ignoring response <403 https://sec.douban.com/b?r=https%3A%2F%2Fmovie.douban.com%2Ftop250>: HTTP status code is not handled or not allowed
2025-11-06 02:59:52,352 [scrapy.core.engine] INFO: Closing spider (finished)
2025-11-06 02:59:52,353 [movie_genre_spider] INFO: 类型统计已保存到: movie_data_with_genres/genre_statistics.json
2025-11-06 02:59:52,353 [scrapy.statscollectors] INFO: Dumping Scrapy stats:
{'downloader/request_bytes': 628,
 'downloader/request_count': 2,
 'downloader/request_method_count/GET': 2,
 'downloader/response_bytes': 1193,
 'downloader/response_count': 2,
 'downloader/response_status_count/302': 1,
 'downloader/response_status_count/403': 1,
 'elapsed_time_seconds': 2.050083,
 'finish_reason': 'finished',
 'finish_time': datetime.datetime(2025, 11, 6, 10, 59, 52, 353237, tzinfo=datetime.timezone.utc),
 'httpcompression/response_bytes': 1041,
 'httpcompression/response_count': 1,
 'httperror/response_ignored_count': 1,
 'httperror/response_ignored_status_count/403': 1,
 'log_count/INFO': 12,
 'log_count/WARNING': 1,
 'memusage/max': 58744832,
 'memusage/startup': 58744832,
 'response_received_count': 1,
 'scheduler/dequeued': 2,
 'scheduler/dequeued/memory': 2,
 'scheduler/enqueued': 2,
 'scheduler/enqueued/memory': 2,
 'start_time': datetime.datetime(2025, 11, 6, 10, 59, 50, 303154, tzinfo=datetime.timezone.utc)}
2025-11-06 02:59:52,353 [scrapy.core.engine] INFO: Spider closed (finished)
2025-11-06 03:00:03,591 [scrapy.utils.log] INFO: Scrapy 2.11.2 started (bot: scrapybot)
2025-11-06 03:00:03,597 [scrapy.utils.log] INFO: Versions: lxml 6.0.2.0, libxml2 2.14.6, cssselect 1.2.0, parsel 1.9.1, w3lib 2.2.1, Twisted 25.5.0, Python 3.8.10 (default, Mar 18 2025, 20:04:55) - [GCC 9.4.0], pyOpenSSL 25.3.0 (OpenSSL 3.5.4 30 Sep 2025), cryptography 46.0.3, Platform Linux-5.15.0-139-generic-x86_64-with-glibc2.29
2025-11-06 03:00:03,599 [scrapy.addons] INFO: Enabled addons:
[]
2025-11-06 03:00:03,599 [py.warnings] WARNING: /home/hadoop/.local/lib/python3.8/site-packages/scrapy/utils/request.py:254: ScrapyDeprecationWarning: '2.6' is a deprecated value for the 'REQUEST_FINGERPRINTER_IMPLEMENTATION' setting.

It is also the default value. In other words, it is normal to get this warning if you have not defined a value for the 'REQUEST_FINGERPRINTER_IMPLEMENTATION' setting. This is so for backward compatibility reasons, but it will change in a future version of Scrapy.

See the documentation of the 'REQUEST_FINGERPRINTER_IMPLEMENTATION' setting for information on how to handle this deprecation.
  return cls(crawler)

2025-11-06 03:00:03,600 [scrapy.utils.log] DEBUG: Using reactor: twisted.internet.epollreactor.EPollReactor
2025-11-06 03:00:03,607 [scrapy.extensions.telnet] INFO: Telnet Password: fb8a8576c6086a71
2025-11-06 03:00:03,630 [scrapy.middleware] INFO: Enabled extensions:
['scrapy.extensions.corestats.CoreStats',
 'scrapy.extensions.telnet.TelnetConsole',
 'scrapy.extensions.memusage.MemoryUsage',
 'scrapy.extensions.logstats.LogStats',
 'scrapy.extensions.throttle.AutoThrottle']
2025-11-06 03:00:03,631 [scrapy.crawler] INFO: Overridden settings:
{'AUTOTHROTTLE_ENABLED': True,
 'AUTOTHROTTLE_MAX_DELAY': 3,
 'AUTOTHROTTLE_START_DELAY': 1,
 'CONCURRENT_REQUESTS_PER_DOMAIN': 1,
 'DOWNLOAD_DELAY': 1,
 'HTTPCACHE_ENABLED': True,
 'LOG_LEVEL': 'INFO',
 'RETRY_TIMES': 3,
 'USER_AGENT': 'Mozilla/5.0 (Windows NT 10.0; Win64; x64) AppleWebKit/537.36 '
               '(KHTML, like Gecko) Chrome/91.0.4472.124 Safari/537.36'}
2025-11-06 03:00:03,674 [scrapy.middleware] INFO: Enabled downloader middlewares:
['scrapy.downloadermiddlewares.offsite.OffsiteMiddleware',
 'scrapy.downloadermiddlewares.httpauth.HttpAuthMiddleware',
 'scrapy.downloadermiddlewares.downloadtimeout.DownloadTimeoutMiddleware',
 'scrapy.downloadermiddlewares.defaultheaders.DefaultHeadersMiddleware',
 'scrapy.downloadermiddlewares.useragent.UserAgentMiddleware',
 'scrapy.downloadermiddlewares.retry.RetryMiddleware',
 'scrapy.downloadermiddlewares.redirect.MetaRefreshMiddleware',
 'scrapy.downloadermiddlewares.httpcompression.HttpCompressionMiddleware',
 'scrapy.downloadermiddlewares.redirect.RedirectMiddleware',
 'scrapy.downloadermiddlewares.cookies.CookiesMiddleware',
 'scrapy.downloadermiddlewares.httpproxy.HttpProxyMiddleware',
 'scrapy.downloadermiddlewares.stats.DownloaderStats',
 'scrapy.downloadermiddlewares.httpcache.HttpCacheMiddleware']
2025-11-06 03:00:03,675 [scrapy.middleware] INFO: Enabled spider middlewares:
['scrapy.spidermiddlewares.httperror.HttpErrorMiddleware',
 'scrapy.spidermiddlewares.referer.RefererMiddleware',
 'scrapy.spidermiddlewares.urllength.UrlLengthMiddleware',
 'scrapy.spidermiddlewares.depth.DepthMiddleware']
2025-11-06 03:00:03,675 [scrapy.middleware] INFO: Enabled item pipelines:
[]
2025-11-06 03:00:03,676 [scrapy.core.engine] INFO: Spider opened
2025-11-06 03:00:03,678 [scrapy.extensions.logstats] INFO: Crawled 0 pages (at 0 pages/min), scraped 0 items (at 0 items/min)
2025-11-06 03:00:03,678 [scrapy.extensions.httpcache] DEBUG: Using filesystem cache storage in .scrapy/httpcache
2025-11-06 03:00:03,679 [scrapy.extensions.telnet] INFO: Telnet console listening on 127.0.0.1:6023
2025-11-06 03:00:03,775 [scrapy.downloadermiddlewares.redirect] DEBUG: Redirecting (301) to <GET https://www.maoyan.com/films?showType=1&offset=0> from <GET https://maoyan.com/films?showType=1&offset=0>
2025-11-06 03:00:05,072 [scrapy.downloadermiddlewares.redirect] DEBUG: Redirecting (301) to <GET https://www.maoyan.com/films?showType=1&offset=30> from <GET https://maoyan.com/films?showType=1&offset=30>
2025-11-06 03:00:06,148 [scrapy.downloadermiddlewares.redirect] DEBUG: Redirecting (301) to <GET https://www.maoyan.com/films?showType=1&offset=60> from <GET https://maoyan.com/films?showType=1&offset=60>
2025-11-06 03:00:07,610 [scrapy.downloadermiddlewares.redirect] DEBUG: Redirecting (301) to <GET https://www.maoyan.com/films?showType=1&offset=90> from <GET https://maoyan.com/films?showType=1&offset=90>
2025-11-06 03:00:09,003 [scrapy.downloadermiddlewares.redirect] DEBUG: Redirecting (301) to <GET https://www.maoyan.com/films?showType=1&offset=120> from <GET https://maoyan.com/films?showType=1&offset=120>
2025-11-06 03:00:10,272 [scrapy.downloadermiddlewares.redirect] DEBUG: Redirecting (301) to <GET https://www.maoyan.com/films?showType=1&offset=150> from <GET https://maoyan.com/films?showType=1&offset=150>
2025-11-06 03:00:11,481 [scrapy.downloadermiddlewares.redirect] DEBUG: Redirecting (301) to <GET https://www.maoyan.com/films?showType=1&offset=180> from <GET https://maoyan.com/films?showType=1&offset=180>
2025-11-06 03:00:12,702 [scrapy.downloadermiddlewares.redirect] DEBUG: Redirecting (301) to <GET https://www.maoyan.com/films?showType=1&offset=210> from <GET https://maoyan.com/films?showType=1&offset=210>
2025-11-06 03:00:14,051 [scrapy.downloadermiddlewares.redirect] DEBUG: Redirecting (301) to <GET https://www.maoyan.com/films?showType=1&offset=240> from <GET https://maoyan.com/films?showType=1&offset=240>
2025-11-06 03:00:14,780 [scrapy.downloadermiddlewares.redirect] DEBUG: Redirecting (301) to <GET https://www.maoyan.com/films?showType=1&offset=270> from <GET https://maoyan.com/films?showType=1&offset=270>
2025-11-06 03:00:15,875 [scrapy.downloadermiddlewares.redirect] DEBUG: Redirecting (301) to <GET https://www.maoyan.com/films?showType=1&offset=300> from <GET https://maoyan.com/films?showType=1&offset=300>
2025-11-06 03:00:17,002 [scrapy.downloadermiddlewares.redirect] DEBUG: Redirecting (301) to <GET https://www.maoyan.com/films?showType=1&offset=330> from <GET https://maoyan.com/films?showType=1&offset=330>
2025-11-06 03:00:18,321 [scrapy.downloadermiddlewares.redirect] DEBUG: Redirecting (301) to <GET https://www.maoyan.com/films?showType=1&offset=360> from <GET https://maoyan.com/films?showType=1&offset=360>
2025-11-06 03:00:19,120 [scrapy.downloadermiddlewares.redirect] DEBUG: Redirecting (301) to <GET https://www.maoyan.com/films?showType=1&offset=390> from <GET https://maoyan.com/films?showType=1&offset=390>
2025-11-06 03:00:20,517 [scrapy.downloadermiddlewares.redirect] DEBUG: Redirecting (301) to <GET https://www.maoyan.com/films?showType=1&offset=420> from <GET https://maoyan.com/films?showType=1&offset=420>
2025-11-06 03:00:21,090 [scrapy.downloadermiddlewares.redirect] DEBUG: Redirecting (301) to <GET https://www.maoyan.com/films?showType=1&offset=450> from <GET https://maoyan.com/films?showType=1&offset=450>
2025-11-06 03:00:22,528 [scrapy.downloadermiddlewares.redirect] DEBUG: Redirecting (302) to <GET https://www.maoyan.com/films?showType=1&offset=0> from <GET https://www.maoyan.com/films?showType=1&offset=0>
2025-11-06 03:00:22,528 [scrapy.dupefilters] DEBUG: Filtered duplicate request: <GET https://www.maoyan.com/films?showType=1&offset=0> - no more duplicates will be shown (see DUPEFILTER_DEBUG to show all duplicates)
2025-11-06 03:00:23,568 [scrapy.downloadermiddlewares.redirect] DEBUG: Redirecting (302) to <GET https://www.maoyan.com/films?showType=1&offset=30> from <GET https://www.maoyan.com/films?showType=1&offset=30>
2025-11-06 03:00:25,017 [scrapy.downloadermiddlewares.redirect] DEBUG: Redirecting (302) to <GET https://www.maoyan.com/films?showType=1&offset=60> from <GET https://www.maoyan.com/films?showType=1&offset=60>
2025-11-06 03:00:26,162 [scrapy.crawler] INFO: Received SIGINT, shutting down gracefully. Send again to force 
2025-11-06 03:00:26,162 [scrapy.core.engine] INFO: Closing spider (shutdown)
2025-11-06 03:00:26,426 [scrapy.downloadermiddlewares.redirect] DEBUG: Redirecting (302) to <GET https://www.maoyan.com/films?showType=1&offset=90> from <GET https://www.maoyan.com/films?showType=1&offset=90>
2025-11-06 03:00:27,723 [scrapy.downloadermiddlewares.redirect] DEBUG: Redirecting (302) to <GET https://www.maoyan.com/films?showType=1&offset=120> from <GET https://www.maoyan.com/films?showType=1&offset=120>
2025-11-06 03:00:29,176 [scrapy.downloadermiddlewares.redirect] DEBUG: Redirecting (302) to <GET https://www.maoyan.com/films?showType=1&offset=150> from <GET https://www.maoyan.com/films?showType=1&offset=150>
2025-11-06 03:00:30,026 [scrapy.downloadermiddlewares.redirect] DEBUG: Redirecting (302) to <GET https://www.maoyan.com/films?showType=1&offset=180> from <GET https://www.maoyan.com/films?showType=1&offset=180>
2025-11-06 03:00:30,223 [scrapy.crawler] INFO: Received SIGINT twice, forcing unclean shutdown
